,Country,Year,School age population (thousands),urban,pre-primary,primary,secondary,NWA_Basic water service,NWA_Limited water service,NWA_No water service,UWA_Basic water service,UWA_Limited water service,UWA_No water service,RWA_Basic water service ,RWA_Limited water service ,RWA_No water service ,PPWA_Basic water service ,PPWA_Limited water service ,PPWA_No water service ,PWA_Basic water service,PWA_Limited water service ,PWA_No water service ,SWA_Basic water service ,SWA_Limited water service ,SWA_No water service,NS_Basic sanitation service,NS_Limited sanitation service,NS_No sanitation service ,US_Basic sanitation service,US_Limited sanitation service,US_No sanitation service ,RS_Basic sanitation service,RS_Limited sanitation service,RS_No sanitation service ,PPS_Basic sanitation service,PPS_Limited sanitation service,PPS_No sanitation service ,PS_Basic sanitation service,PS_Limited sanitation service,PS_No sanitation service ,SS_Basic sanitation service,SS_Limited sanitation service,SS_No sanitation service ,NH_Basic hygiene service,NH_Limited hygiene service ,NH_No hygiene service,UH_Basic hygiene service,UH_Limited hygiene service ,UH_No hygiene service ,RH_Basic hygiene service,RH_Limited hygiene service,RH_No hygiene service ,PPH_Basic hygiene service,PPH_Limited hygiene service ,PPH_No hygiene service ,PH_Basic hygiene service,PH_Limited hygiene service ,PH_No hygiene service ,SH_Basic hygiene service,SH_Limited hygiene service ,SH_No hygiene service ,EDULIT_IND,Indicator,TIME,Value
0,Afghanistan,2016,13299.24707,27.13200188,15.83112907,45.34436417,38.82450485,0,70,30,-,-,-,-,-,-,-,-,-,-,-,-,-,-,-,-,-,-,-,-,-,-,-,-,-,-,-,-,-,-,-,-,-,-,-,-,-,-,-,-,-,-,-,-,-,-,-,-,-,-,-,,,,
1,Algeria,2016,8512.623047,71.30400085,10.01031017,42.57013321,47.41955566,93.30671292,0,6.693287078,-,-,-,-,-,-,-,-,-,87.02307692,0,12.97692308,98.2,0.49,1.31,98.95,1.05,0,-,-,-,-,-,-,-,-,-,97.78,2.22,0,100,0,0,98.58,-,-,-,-,-,-,-,-,-,-,-,97.78,-,-,99.3,-,-,,,,
2,Andorra,2016,-,-,-,-,-,100,0,0,-,-,-,-,-,-,-,-,-,100,0,0,100,0,0,100,0,0,-,-,-,-,-,-,-,-,-,100,0,0,100,0,0,100,0,0,-,-,-,-,-,-,-,-,-,100,0,0,100,0,0,,,,
3,Argentina,2016,10821.82813,91.89299774,20.48494911,40.30799484,39.20705414,0,89.9,10.1,0,98.37476809,1.625231911,0,82.71755725,17.28244275,-,-,-,0,89.92481203,10.07518797,-,-,-,77,-,-,84,-,-,68,-,-,-,-,-,77,-,-,-,-,-,-,-,-,-,-,-,-,-,-,-,-,-,-,-,-,-,-,-,LR_AG15T99,"Adult literacy rate, population 15+ years, both sexes (%)",2013.0,99.12195
4,Argentina,2016,10821.82813,91.89299774,20.48494911,40.30799484,39.20705414,0,89.9,10.1,0,98.37476809,1.625231911,0,82.71755725,17.28244275,-,-,-,0,89.92481203,10.07518797,-,-,-,77,-,-,84,-,-,68,-,-,-,-,-,77,-,-,-,-,-,-,-,-,-,-,-,-,-,-,-,-,-,-,-,-,-,-,-,LR_AG15T99,"Adult literacy rate, population 15+ years, both sexes (%)",2014.0,98.99389000000001
5,Argentina,2016,10821.82813,91.89299774,20.48494911,40.30799484,39.20705414,0,89.9,10.1,0,98.37476809,1.625231911,0,82.71755725,17.28244275,-,-,-,0,89.92481203,10.07518797,-,-,-,77,-,-,84,-,-,68,-,-,-,-,-,77,-,-,-,-,-,-,-,-,-,-,-,-,-,-,-,-,-,-,-,-,-,-,-,LR_AG15T99,"Adult literacy rate, population 15+ years, both sexes (%)",2015.0,99.17996
6,Argentina,2016,10821.82813,91.89299774,20.48494911,40.30799484,39.20705414,0,89.9,10.1,0,98.37476809,1.625231911,0,82.71755725,17.28244275,-,-,-,0,89.92481203,10.07518797,-,-,-,77,-,-,84,-,-,68,-,-,-,-,-,77,-,-,-,-,-,-,-,-,-,-,-,-,-,-,-,-,-,-,-,-,-,-,-,LR_AG15T99,"Adult literacy rate, population 15+ years, both sexes (%)",2016.0,99.12501
7,Australia,2016,4197.949219,89.55399323,7.541897297,51.23599625,41.22210693,100,0,0,-,-,-,-,-,-,-,-,-,100,0,0,100,0,0,100,0,0,-,-,-,-,-,-,-,-,-,100,0,0,100,0,0,100,0,0,-,-,-,-,-,-,-,-,-,100,0,0,100,0,0,,,,
8,Azerbaijan,2016,1944.911987,54.89502716,26.20643044,28.06661606,45.7269516,100,0,0,-,-,-,-,-,-,-,-,-,100,0,0,100,0,0,100,0,0,-,-,-,-,-,-,-,-,-,100,0,0,100,0,0,100,0,0,-,-,-,-,-,-,-,-,-,100,0,0,100,0,0,LR_AG15T99,"Adult literacy rate, population 15+ years, both sexes (%)",2013.0,99.78936
9,Azerbaijan,2016,1944.911987,54.89502716,26.20643044,28.06661606,45.7269516,100,0,0,-,-,-,-,-,-,-,-,-,100,0,0,100,0,0,100,0,0,-,-,-,-,-,-,-,-,-,100,0,0,100,0,0,100,0,0,-,-,-,-,-,-,-,-,-,100,0,0,100,0,0,LR_AG15T99,"Adult literacy rate, population 15+ years, both sexes (%)",2014.0,99.78899
10,Azerbaijan,2016,1944.911987,54.89502716,26.20643044,28.06661606,45.7269516,100,0,0,-,-,-,-,-,-,-,-,-,100,0,0,100,0,0,100,0,0,-,-,-,-,-,-,-,-,-,100,0,0,100,0,0,100,0,0,-,-,-,-,-,-,-,-,-,100,0,0,100,0,0,LR_AG15T99,"Adult literacy rate, population 15+ years, both sexes (%)",2015.0,99.78806
11,Azerbaijan,2016,1944.911987,54.89502716,26.20643044,28.06661606,45.7269516,100,0,0,-,-,-,-,-,-,-,-,-,100,0,0,100,0,0,100,0,0,-,-,-,-,-,-,-,-,-,100,0,0,100,0,0,100,0,0,-,-,-,-,-,-,-,-,-,100,0,0,100,0,0,LR_AG15T99,"Adult literacy rate, population 15+ years, both sexes (%)",2016.0,99.79006
12,Bahrain,2016,264.605011,88.83505249,23.2508831,41.93647003,34.81264496,100,0,0,-,-,-,-,-,-,-,-,-,100,0,0,100,0,0,100,0,0,-,-,-,-,-,-,-,-,-,100,0,0,100,0,0,100,0,0,-,-,-,-,-,-,-,-,-,100,0,0,100,0,0,LR_AG15T99,"Adult literacy rate, population 15+ years, both sexes (%)",2016.0,97.06668
13,Bangladesh,2016,47709.80859,35.03499985,19.14088631,32.88740921,47.97170258,73.63671704,9.736138106,16.62714485,-,-,-,-,-,-,-,-,-,72.7411179,10.11459387,17.14428824,87.07494709,9.989888263,2.935164647,58.55357143,35.44642857,6,-,-,-,-,-,-,-,-,-,57.18419765,39.09760274,3.718199609,66.66666667,30.51975124,2.81358209,44,45.42857143,10.57142857,-,-,-,-,-,-,-,-,-,38.74755382,47.55381605,13.69863014,58.2010582,39.15343915,2.645502646,LR_AG15T99,"Adult literacy rate, population 15+ years, both sexes (%)",2013.0,61.01554
14,Bangladesh,2016,47709.80859,35.03499985,19.14088631,32.88740921,47.97170258,73.63671704,9.736138106,16.62714485,-,-,-,-,-,-,-,-,-,72.7411179,10.11459387,17.14428824,87.07494709,9.989888263,2.935164647,58.55357143,35.44642857,6,-,-,-,-,-,-,-,-,-,57.18419765,39.09760274,3.718199609,66.66666667,30.51975124,2.81358209,44,45.42857143,10.57142857,-,-,-,-,-,-,-,-,-,38.74755382,47.55381605,13.69863014,58.2010582,39.15343915,2.645502646,LR_AG15T99,"Adult literacy rate, population 15+ years, both sexes (%)",2014.0,61.0933
15,Bangladesh,2016,47709.80859,35.03499985,19.14088631,32.88740921,47.97170258,73.63671704,9.736138106,16.62714485,-,-,-,-,-,-,-,-,-,72.7411179,10.11459387,17.14428824,87.07494709,9.989888263,2.935164647,58.55357143,35.44642857,6,-,-,-,-,-,-,-,-,-,57.18419765,39.09760274,3.718199609,66.66666667,30.51975124,2.81358209,44,45.42857143,10.57142857,-,-,-,-,-,-,-,-,-,38.74755382,47.55381605,13.69863014,58.2010582,39.15343915,2.645502646,LR_AG15T99,"Adult literacy rate, population 15+ years, both sexes (%)",2015.0,65.13733
16,Bangladesh,2016,47709.80859,35.03499985,19.14088631,32.88740921,47.97170258,73.63671704,9.736138106,16.62714485,-,-,-,-,-,-,-,-,-,72.7411179,10.11459387,17.14428824,87.07494709,9.989888263,2.935164647,58.55357143,35.44642857,6,-,-,-,-,-,-,-,-,-,57.18419765,39.09760274,3.718199609,66.66666667,30.51975124,2.81358209,44,45.42857143,10.57142857,-,-,-,-,-,-,-,-,-,38.74755382,47.55381605,13.69863014,58.2010582,39.15343915,2.645502646,LR_AG15T99,"Adult literacy rate, population 15+ years, both sexes (%)",2016.0,72.75872
17,Barbados,2016,48.52999878,31.4156189,14.65279198,46.14053345,39.20667648,100,0,0,-,-,-,-,-,-,-,-,-,100,0,0,100,0,0,100,0,0,-,-,-,-,-,-,-,-,-,100,0,0,100,0,0,100,0,0,-,-,-,-,-,-,-,-,-,100,0,0,100,0,0,LR_AG15T99,"Adult literacy rate, population 15+ years, both sexes (%)",2014.0,99.6
18,Belarus,2016,1355.313965,77.04598236,24.72002792,29.72528839,45.55468369,100,0,0,-,-,-,-,-,-,-,-,-,100,0,0,100,0,0,100,0,0,-,-,-,-,-,-,-,-,-,100,0,0,100,0,0,100,0,0,-,-,-,-,-,-,-,-,-,100,0,0,100,0,0,,,,
19,Belgium,2016,1910.58606,97.89698029,20.71929741,40.39514542,38.88555527,100,0,0,-,-,-,-,-,-,-,-,-,100,0,0,100,0,0,-,-,-,-,-,-,-,-,-,-,-,-,-,-,-,-,-,-,100,0,0,-,-,-,-,-,-,-,-,-,100,0,0,100,0,0,,,,
20,Benin,2016,4061.443115,44.39500809,15.93379498,42.65636444,41.40983963,0,72.4743661,27.5256339,-,-,-,-,-,-,-,-,-,0,74.05294118,25.94705882,0,68.38285714,31.61714286,0,72.16954166,27.83045834,-,-,-,-,-,-,-,-,-,0,69.46976744,30.53023256,0,76.3,23.7,-,-,-,-,-,-,-,-,-,-,-,-,-,-,-,-,-,-,,,,
21,Bhutan,2016,219.2400055,39.37693787,13.17505932,46.41807938,40.40686035,59.4424581,31.56936776,8.988174138,-,-,-,-,-,-,-,-,-,58.29072848,30.67174393,11.03752759,63.08834951,29.14466019,7.766990291,76.06562215,13.79376075,10.1406171,0,100,0,-,-,-,-,-,-,75.49668874,13.57615894,10.92715232,93.2038835,3.883495146,2.912621359,0,84.2185129,15.7814871,-,-,-,-,-,-,-,-,-,0,83.22295806,16.77704194,0,86.89320388,13.10679612,,,,
22,Bolivia (Plurinational State of),2016,3196.666016,68.91101837,14.6624012,43.36833954,41.96925735,-,-,-,0,100,0,-,-,-,-,-,-,-,-,-,-,-,-,-,-,-,-,-,-,-,-,-,-,-,-,-,-,-,-,-,-,-,-,-,-,-,-,-,-,-,-,-,-,-,-,-,-,-,-,LR_AG15T99,"Adult literacy rate, population 15+ years, both sexes (%)",2015.0,92.45508000000001
23,Botswana,2016,681.8699951,57.70997238,21.98644829,46.60536575,31.40818596,0,100,0,-,-,-,-,-,-,-,-,-,0,100,0,0,100,0,0,100,0,-,-,-,-,-,-,-,-,-,0,100,0,0,100,0,-,-,-,-,-,-,-,-,-,-,-,-,-,-,-,-,-,-,LR_AG15T99,"Adult literacy rate, population 15+ years, both sexes (%)",2013.0,86.82318000000001
24,Botswana,2016,681.8699951,57.70997238,21.98644829,46.60536575,31.40818596,0,100,0,-,-,-,-,-,-,-,-,-,0,100,0,0,100,0,0,100,0,-,-,-,-,-,-,-,-,-,0,100,0,0,100,0,-,-,-,-,-,-,-,-,-,-,-,-,-,-,-,-,-,-,LR_AG15T99,"Adult literacy rate, population 15+ years, both sexes (%)",2014.0,87.7
25,Brazil,2016,44160.53516,85.93299866,13.1926527,32.36347961,54.44386673,0,83.22869627,16.77130373,0,96.23933474,3.76066526,0,54.03581457,45.96418543,0,77.70753125,22.29246875,0,80.44853951,19.55146049,0,93.78953626,6.210463739,83.90410959,11.44933201,4.646558401,89.47368421,7.650561315,2.875754475,69.87951807,20.20220162,9.918280304,0,93.17609191,6.82390809,83.90410959,12.58670427,3.509186139,0,97.59865618,2.401343824,61.02142,35.12563,3.85295,61.1329,36.10058,2.76652,59.79682,24.41537,15.78781,76.9631,17.03036,6.00654,61.2416,34.99303,3.76537,64.86643,33.06275,2.07082,LR_AG15T99,"Adult literacy rate, population 15+ years, both sexes (%)",2013.0,91.48424
26,Brazil,2016,44160.53516,85.93299866,13.1926527,32.36347961,54.44386673,0,83.22869627,16.77130373,0,96.23933474,3.76066526,0,54.03581457,45.96418543,0,77.70753125,22.29246875,0,80.44853951,19.55146049,0,93.78953626,6.210463739,83.90410959,11.44933201,4.646558401,89.47368421,7.650561315,2.875754475,69.87951807,20.20220162,9.918280304,0,93.17609191,6.82390809,83.90410959,12.58670427,3.509186139,0,97.59865618,2.401343824,61.02142,35.12563,3.85295,61.1329,36.10058,2.76652,59.79682,24.41537,15.78781,76.9631,17.03036,6.00654,61.2416,34.99303,3.76537,64.86643,33.06275,2.07082,LR_AG15T99,"Adult literacy rate, population 15+ years, both sexes (%)",2014.0,91.72943000000001
27,Brazil,2016,44160.53516,85.93299866,13.1926527,32.36347961,54.44386673,0,83.22869627,16.77130373,0,96.23933474,3.76066526,0,54.03581457,45.96418543,0,77.70753125,22.29246875,0,80.44853951,19.55146049,0,93.78953626,6.210463739,83.90410959,11.44933201,4.646558401,89.47368421,7.650561315,2.875754475,69.87951807,20.20220162,9.918280304,0,93.17609191,6.82390809,83.90410959,12.58670427,3.509186139,0,97.59865618,2.401343824,61.02142,35.12563,3.85295,61.1329,36.10058,2.76652,59.79682,24.41537,15.78781,76.9631,17.03036,6.00654,61.2416,34.99303,3.76537,64.86643,33.06275,2.07082,LR_AG15T99,"Adult literacy rate, population 15+ years, both sexes (%)",2015.0,92.0479
28,Brazil,2016,44160.53516,85.93299866,13.1926527,32.36347961,54.44386673,0,83.22869627,16.77130373,0,96.23933474,3.76066526,0,54.03581457,45.96418543,0,77.70753125,22.29246875,0,80.44853951,19.55146049,0,93.78953626,6.210463739,83.90410959,11.44933201,4.646558401,89.47368421,7.650561315,2.875754475,69.87951807,20.20220162,9.918280304,0,93.17609191,6.82390809,83.90410959,12.58670427,3.509186139,0,97.59865618,2.401343824,61.02142,35.12563,3.85295,61.1329,36.10058,2.76652,59.79682,24.41537,15.78781,76.9631,17.03036,6.00654,61.2416,34.99303,3.76537,64.86643,33.06275,2.07082,LR_AG15T99,"Adult literacy rate, population 15+ years, both sexes (%)",2016.0,92.80844
29,Burkina Faso,2016,7913.056152,30.68800545,22.78356171,39.85004044,37.36639786,52.56573529,4.058623963,43.37564074,0,71.7,28.3,0,50.6,49.4,0,69.61077844,30.38922156,54.69,1.06,44.25,41.79,19.38315899,38.82684101,70.43392955,6.319085663,23.24698479,0,89.5,10.5,0,70.4,29.6,0,85.17964072,14.82035928,74.06,2.618571429,23.32142857,52.04,23.8376591,24.1223409,18.4,-,-,-,-,-,-,-,-,-,-,-,18.38,-,-,-,-,-,LR_AG15T99,"Adult literacy rate, population 15+ years, both sexes (%)",2014.0,34.5994
30,Burundi,2016,3754.783936,12.35900688,17.22828865,42.93341446,39.8382988,41.59394997,12.52168325,45.88436678,-,-,-,-,-,-,49.5543672,5.525846702,44.9197861,39.38042131,5.851023977,54.76855471,0,82.49594595,17.50405405,47.87229332,45.87691261,6.250794069,-,-,-,-,-,-,-,-,-,34.93,55.67465116,9.395348837,89.22,10.78,0,19.24729898,15.19132813,65.56137289,-,-,-,-,-,-,0,81.55080214,18.44919786,20.27,1.068289963,78.66171004,15.98,-,-,LR_AG15T99,"Adult literacy rate, population 15+ years, both sexes (%)",2014.0,61.56973000000001
31,Cabo Verde,2016,167.7859955,66.18728638,19.65896988,39.65050888,40.69052124,0,97.6512094,2.348790599,-,-,-,-,-,-,-,-,-,0,97.3449635,2.655036501,0,100,0,0,97.72510935,2.274890646,-,-,-,-,-,-,-,-,-,0,98.42919664,1.570803357,0,100,0,-,-,-,-,-,-,-,-,-,-,-,-,-,-,-,-,-,-,LR_AG15T99,"Adult literacy rate, population 15+ years, both sexes (%)",2015.0,86.79029
32,Cambodia,2016,4769.415039,20.94499969,22.06285286,40.06216812,37.87498093,0,48.7,51.3,0,49.25,50.75,0,48.45,51.55,0,32.7,67.3,0,60.6,39.4,0,47.3,52.7,38.85,25.9,35.25,48.4,22.8,28.8,37.65,27.95,34.4,11.55,14.1,74.35,48.4,26.1,25.5,66.75,1.9,31.35,40.95,2.05,57,50.2,2,47.8,39.35,2.45,58.2,27,1.6,71.4,48.85,2.15,49,40.15,2.05,57.8,LR_AG15T99,"Adult literacy rate, population 15+ years, both sexes (%)",2014.0,78.05509
33,Cambodia,2016,4769.415039,20.94499969,22.06285286,40.06216812,37.87498093,0,48.7,51.3,0,49.25,50.75,0,48.45,51.55,0,32.7,67.3,0,60.6,39.4,0,47.3,52.7,38.85,25.9,35.25,48.4,22.8,28.8,37.65,27.95,34.4,11.55,14.1,74.35,48.4,26.1,25.5,66.75,1.9,31.35,40.95,2.05,57,50.2,2,47.8,39.35,2.45,58.2,27,1.6,71.4,48.85,2.15,49,40.15,2.05,57.8,LR_AG15T99,"Adult literacy rate, population 15+ years, both sexes (%)",2015.0,80.52649
34,Cameroon,2016,8738.708984,54.93799973,16.07585335,43.03659821,40.88755035,30,0,70,-,-,-,-,-,-,-,-,-,30.55,0,69.45,-,-,-,0,49.05347108,50.94652892,-,-,-,-,-,-,-,-,-,0,41.5,58.5,0,71.4,28.6,-,-,-,-,-,-,-,-,-,-,-,-,-,-,-,-,-,-,,,,
35,Central African Republic,2016,1961.141968,40.33201218,21.25720596,39.26895523,39.47383881,15.95,7.805745931,76.24425407,-,-,-,-,-,-,0,50.61983471,49.38016529,15.95,4.575877458,79.47412254,0,42.55657828,57.44342172,0,41,59,-,-,-,-,-,-,0,76.03305785,23.96694215,0,41,59,0,76.68387097,23.31612903,-,-,-,-,-,-,-,-,-,-,-,-,-,-,-,-,-,-,,,,
36,Chad,2016,6324.574219,22.61799812,22.9776268,39.72223282,37.30014038,22.9198033,6.962174343,70.11802236,-,-,-,-,-,-,0,63.86363636,36.13636364,19.178,2.922,77.9,0,56.91435978,43.08564022,-,-,-,-,-,-,-,-,-,-,-,-,0,22.03333333,77.96666667,-,-,-,-,-,-,-,-,-,-,-,-,-,-,-,-,-,-,-,-,-,LR_AG15T99,"Adult literacy rate, population 15+ years, both sexes (%)",2015.0,26.00299
37,Chad,2016,6324.574219,22.61799812,22.9776268,39.72223282,37.30014038,22.9198033,6.962174343,70.11802236,-,-,-,-,-,-,0,63.86363636,36.13636364,19.178,2.922,77.9,0,56.91435978,43.08564022,-,-,-,-,-,-,-,-,-,-,-,-,0,22.03333333,77.96666667,-,-,-,-,-,-,-,-,-,-,-,-,-,-,-,-,-,-,-,-,-,LR_AG15T99,"Adult literacy rate, population 15+ years, both sexes (%)",2016.0,22.31155
38,Chile,2016,3761.653076,89.69700623,19.38209152,39.7895813,40.82832718,0,96.37142857,3.628571429,0,99.7454982,0.254501801,0,90.33887043,9.661129568,-,-,-,0,96.33008953,3.669910471,-,-,-,95.6,0,3.7,97.89915966,1.890756303,0,91.47286822,-,-,-,-,-,95.64032698,0,3.678474114,-,-,-,-,-,-,-,-,-,-,-,-,-,-,-,-,-,-,-,-,-,LR_AG15T99,"Adult literacy rate, population 15+ years, both sexes (%)",2013.0,96.26706
39,Chile,2016,3761.653076,89.69700623,19.38209152,39.7895813,40.82832718,0,96.37142857,3.628571429,0,99.7454982,0.254501801,0,90.33887043,9.661129568,-,-,-,0,96.33008953,3.669910471,-,-,-,95.6,0,3.7,97.89915966,1.890756303,0,91.47286822,-,-,-,-,-,95.64032698,0,3.678474114,-,-,-,-,-,-,-,-,-,-,-,-,-,-,-,-,-,-,-,-,-,LR_AG15T99,"Adult literacy rate, population 15+ years, both sexes (%)",2015.0,96.87413000000001
40,China,2016,242331.5625,56.77800369,21.02763939,40.17556763,38.79679489,0,96.76666667,3.233333333,-,-,-,-,-,-,-,-,-,-,-,-,-,-,-,0,58.06666667,41.93333333,-,-,-,-,-,-,-,-,-,-,-,-,-,-,-,-,-,-,-,-,-,-,-,-,-,-,-,-,-,-,-,-,-,,,,
41,"China, Hong Kong Special Administrative Region",2016,853.0319824,100,20.26606178,37.28746414,42.44647217,100,0,0,100,0,0,,,,-,-,-,100,0,0,100,0,0,100,0,0,100,0,0,,,,-,-,-,100,0,0,100,0,0,100,0,0,100,0,0,,,,-,-,-,100,0,0,100,0,0,,,,
42,"China, Macao Special Administrative Region",2016,71.02100372,100,24.08724213,35.16847229,40.74428558,100,0,0,100,0,0,,,,-,-,-,100,0,0,100,0,0,100,0,0,100,0,0,,,,-,-,-,100,0,0,100,0,0,100,0,0,100,0,0,,,,-,-,-,100,0,0,100,0,0,LR_AG15T99,"Adult literacy rate, population 15+ years, both sexes (%)",2016.0,96.53849
43,Colombia,2016,11033.09668,76.70800018,20.44256401,35.36965179,44.18778229,55.2,18.88544676,25.91455324,0,93.58836612,6.411633875,0,49.61209593,50.38790407,56.867,16.133,27,0,73.5102899,26.4897101,-,-,-,61.4,16.4,22.2,0,97.20769889,2.792301112,-,-,-,0,92.1,7.9,-,-,-,-,-,-,0,54.1,45.9,-,-,-,-,-,-,18.6181,-,-,-,-,-,-,-,-,LR_AG15T99,"Adult literacy rate, population 15+ years, both sexes (%)",2014.0,94.18625
44,Colombia,2016,11033.09668,76.70800018,20.44256401,35.36965179,44.18778229,55.2,18.88544676,25.91455324,0,93.58836612,6.411633875,0,49.61209593,50.38790407,56.867,16.133,27,0,73.5102899,26.4897101,-,-,-,61.4,16.4,22.2,0,97.20769889,2.792301112,-,-,-,0,92.1,7.9,-,-,-,-,-,-,0,54.1,45.9,-,-,-,-,-,-,18.6181,-,-,-,-,-,-,-,-,LR_AG15T99,"Adult literacy rate, population 15+ years, both sexes (%)",2015.0,94.24505
45,Colombia,2016,11033.09668,76.70800018,20.44256401,35.36965179,44.18778229,55.2,18.88544676,25.91455324,0,93.58836612,6.411633875,0,49.61209593,50.38790407,56.867,16.133,27,0,73.5102899,26.4897101,-,-,-,61.4,16.4,22.2,0,97.20769889,2.792301112,-,-,-,0,92.1,7.9,-,-,-,-,-,-,0,54.1,45.9,-,-,-,-,-,-,18.6181,-,-,-,-,-,-,-,-,LR_AG15T99,"Adult literacy rate, population 15+ years, both sexes (%)",2016.0,94.65385
46,Comoros,2016,305.8309937,28.41209602,21.89182854,39.10918045,38.99898911,0,11.55262332,88.44737668,-,-,-,-,-,-,-,-,-,0,10.8295,89.1705,0,12.27,87.73,0,31.56485571,68.43514429,-,-,-,-,-,-,-,-,-,0,27.15,72.85,0,34.6,65.4,-,-,-,-,-,-,-,-,-,-,-,-,-,-,-,-,-,-,,,,
47,Congo,2016,2022.090942,65.79798126,23.14391327,40.16995239,36.68613434,0,44.28336176,55.71663824,-,-,-,-,-,-,0,56.27,43.73,0,39.6,60.4,0,68.12597403,31.87402597,0,60.39293931,39.60706069,-,-,-,-,-,-,0,60.1,39.9,0,59.9,40.1,0,74.54155844,25.45844156,-,-,-,-,-,-,-,-,-,-,-,-,-,-,-,-,-,-,,,,
48,Cook Islands,2016,4.138999939,74.77651978,12.03189182,41.3868103,46.58129883,100,0,0,-,-,-,-,-,-,-,-,-,100,0,0,100,0,0,100,0,0,-,-,-,-,-,-,-,-,-,100,0,0,100,0,0,100,0,0,-,-,-,-,-,-,-,-,-,100,0,0,100,0,0,,,,
49,Costa Rica,2016,942.8599854,77.67504883,15.17139339,45.88454437,38.94406509,81.81,8.179776129,10.01022387,0,96.59724613,3.402753873,0,100,0,0,97.6769,2.3231,85.03,3.47792912,11.49207088,78.02,15.83,6.15,69.60957389,20.29089048,10.09953563,-,-,-,-,-,-,88.67854948,8.610867315,2.710583201,68.39815064,20.53518269,11.06666667,76.46618123,18.48381877,5.05,70.16044557,0,29.83955443,-,-,-,-,-,-,0,87.30618235,12.69381765,67.79522654,0,32.20477346,75.55,1.744040524,22.70595948,,,,
50,CÃ´te d'Ivoire,2016,9601.671875,54.86900711,22.02241516,38.95354843,39.02403641,0,47.10653576,52.89346424,0,68.81362948,31.18637052,0,31.1932295,68.8067705,0,62.2883495,37.7116505,0,44.95501878,55.04498122,0,84,16,0,50.64494752,49.35505248,0,64.92688732,35.07311268,0,34.59398899,65.40601101,0,61.62972445,38.37027555,0,48.58860579,51.41139421,0,88,12,0,27.4243493,72.5756507,-,-,-,-,-,-,0,50.5,49.5,0,24,76,-,-,-,,,,
51,Croatia,2016,703.1370239,59.28403854,24.99512863,24.22899055,50.77587891,51,-,-,-,-,-,-,-,-,-,-,-,-,-,-,-,-,-,33.717,-,-,30,-,-,39,-,-,-,-,-,-,-,-,-,-,-,25.717,-,-,22,-,-,26,-,-,-,-,-,-,-,-,-,-,-,,,,
52,Cuba,2016,1895.869019,77.18402863,19.20227623,38.46389008,42.33383179,-,-,-,0,100,0,-,-,-,-,-,-,-,-,-,-,-,-,-,-,-,0,100,0,-,-,-,-,-,-,-,-,-,-,-,-,-,-,-,-,-,-,-,-,-,-,-,-,-,-,-,-,-,-,,,,
53,Democratic Republic of the Congo,2016,31418.85156,43.01499939,24.95575905,41.98942566,33.0548172,0,46.76036667,53.23963333,-,-,-,-,-,-,-,-,-,0,46.74181771,53.25818229,0,43.5,56.5,0,89.92,10.08,-,-,-,-,-,-,-,-,-,0,89.97554461,10.02445539,-,-,-,-,-,-,-,-,-,-,-,-,-,-,-,-,-,-,-,-,-,LR_AG15T99,"Adult literacy rate, population 15+ years, both sexes (%)",2016.0,77.04268
54,Denmark,2016,1075.401978,87.84696198,17.97281456,43.09300232,38.93418503,100,0,0,-,-,-,-,-,-,-,-,-,100,0,0,100,0,0,100,0,0,-,-,-,-,-,-,-,-,-,100,0,0,100,0,0,100,0,0,-,-,-,-,-,-,-,-,-,100,0,0,100,0,0,,,,
55,Djibouti,2016,273.8880005,77.42982483,14.22588825,35.48749924,50.28661346,0,85.35686275,14.64313725,-,-,-,-,-,-,-,-,-,0,86.48428571,13.51571429,0,76.28333333,23.71666667,0,100,0,-,-,-,-,-,-,-,-,-,0,100,0,0,96.25769231,3.742307692,-,-,-,-,-,-,-,-,-,-,-,-,-,-,-,-,-,-,,,,
56,Dominica,2016,13.73700047,69.81874084,14.36994934,47.45577621,38.17427444,100,0,0,-,-,-,-,-,-,-,-,-,100,0,0,100,0,0,100,0,0,-,-,-,-,-,-,-,-,-,100,0,0,100,0,0,100,0,0,-,-,-,-,-,-,-,-,-,100,0,0,100,0,0,,,,
57,Dominican Republic,2016,3106.996094,79.84101105,20.54556847,40.71240997,38.74201965,0,89.84564165,10.15435835,0,89.65714286,10.34285714,0,88.37209302,11.62790698,-,-,-,0,89.84564165,10.15435835,-,-,-,89.5480226,-,-,95.55555556,-,-,79.06976744,-,-,-,-,-,89.5480226,-,-,-,-,-,-,-,-,-,-,-,-,-,-,-,-,-,-,-,-,-,-,-,LR_AG15T99,"Adult literacy rate, population 15+ years, both sexes (%)",2013.0,90.85815
58,Dominican Republic,2016,3106.996094,79.84101105,20.54556847,40.71240997,38.74201965,0,89.84564165,10.15435835,0,89.65714286,10.34285714,0,88.37209302,11.62790698,-,-,-,0,89.84564165,10.15435835,-,-,-,89.5480226,-,-,95.55555556,-,-,79.06976744,-,-,-,-,-,89.5480226,-,-,-,-,-,-,-,-,-,-,-,-,-,-,-,-,-,-,-,-,-,-,-,LR_AG15T99,"Adult literacy rate, population 15+ years, both sexes (%)",2014.0,91.76375999999999
59,Dominican Republic,2016,3106.996094,79.84101105,20.54556847,40.71240997,38.74201965,0,89.84564165,10.15435835,0,89.65714286,10.34285714,0,88.37209302,11.62790698,-,-,-,0,89.84564165,10.15435835,-,-,-,89.5480226,-,-,95.55555556,-,-,79.06976744,-,-,-,-,-,89.5480226,-,-,-,-,-,-,-,-,-,-,-,-,-,-,-,-,-,-,-,-,-,-,-,LR_AG15T99,"Adult literacy rate, population 15+ years, both sexes (%)",2015.0,91.99121
60,Dominican Republic,2016,3106.996094,79.84101105,20.54556847,40.71240997,38.74201965,0,89.84564165,10.15435835,0,89.65714286,10.34285714,0,88.37209302,11.62790698,-,-,-,0,89.84564165,10.15435835,-,-,-,89.5480226,-,-,95.55555556,-,-,79.06976744,-,-,-,-,-,89.5480226,-,-,-,-,-,-,-,-,-,-,-,-,-,-,-,-,-,-,-,-,-,-,-,LR_AG15T99,"Adult literacy rate, population 15+ years, both sexes (%)",2016.0,93.77846
61,Ecuador,2016,4619.967773,63.97600555,20.80492783,40.1866188,39.00845337,50.5246315,47.36258196,2.112786542,0,93.89924812,6.10075188,0,100,0,-,-,-,40.33631,57.55090346,2.112786542,61.11439514,-,-,82.72727273,-,-,82.45614035,-,-,83.33333333,-,-,-,-,-,82.72727273,-,-,-,-,-,86.82440186,-,-,-,-,-,-,-,-,-,-,-,80.02059,-,-,93.89630127,-,-,LR_AG15T99,"Adult literacy rate, population 15+ years, both sexes (%)",2013.0,93.29463
62,Ecuador,2016,4619.967773,63.97600555,20.80492783,40.1866188,39.00845337,50.5246315,47.36258196,2.112786542,0,93.89924812,6.10075188,0,100,0,-,-,-,40.33631,57.55090346,2.112786542,61.11439514,-,-,82.72727273,-,-,82.45614035,-,-,83.33333333,-,-,-,-,-,82.72727273,-,-,-,-,-,86.82440186,-,-,-,-,-,-,-,-,-,-,-,80.02059,-,-,93.89630127,-,-,LR_AG15T99,"Adult literacy rate, population 15+ years, both sexes (%)",2014.0,94.22264
63,Ecuador,2016,4619.967773,63.97600555,20.80492783,40.1866188,39.00845337,50.5246315,47.36258196,2.112786542,0,93.89924812,6.10075188,0,100,0,-,-,-,40.33631,57.55090346,2.112786542,61.11439514,-,-,82.72727273,-,-,82.45614035,-,-,83.33333333,-,-,-,-,-,82.72727273,-,-,-,-,-,86.82440186,-,-,-,-,-,-,-,-,-,-,-,80.02059,-,-,93.89630127,-,-,LR_AG15T99,"Adult literacy rate, population 15+ years, both sexes (%)",2015.0,94.45566
64,Ecuador,2016,4619.967773,63.97600555,20.80492783,40.1866188,39.00845337,50.5246315,47.36258196,2.112786542,0,93.89924812,6.10075188,0,100,0,-,-,-,40.33631,57.55090346,2.112786542,61.11439514,-,-,82.72727273,-,-,82.45614035,-,-,83.33333333,-,-,-,-,-,82.72727273,-,-,-,-,-,86.82440186,-,-,-,-,-,-,-,-,-,-,-,80.02059,-,-,93.89630127,-,-,LR_AG15T99,"Adult literacy rate, population 15+ years, both sexes (%)",2016.0,94.35023000000001
65,Egypt,2016,25804.9043,43.22200012,16.57383728,43.99427795,39.43188858,-,-,-,-,-,-,-,-,-,-,-,-,-,-,-,-,-,-,100,0,0,-,-,-,-,-,-,-,-,-,100,0,0,100,0,0,100,0,0,-,-,-,-,-,-,-,-,-,100,0,0,100,0,0,LR_AG15T99,"Adult literacy rate, population 15+ years, both sexes (%)",2013.0,75.06073
66,El Salvador,2016,1827.493042,67.18898773,19.04724121,38.82822037,42.12453842,83.83,1.946800443,14.22319956,0,95.29706154,4.702938462,0,83.91116602,16.08883398,-,-,-,80.27,-,-,87.11,-,-,0,86.51751004,13.48248996,0,97.74266366,2.257336343,0,82.87458114,17.12541886,-,-,-,-,-,-,-,-,-,-,-,-,-,-,-,-,-,-,-,-,-,-,-,-,-,-,-,LR_AG15T99,"Adult literacy rate, population 15+ years, both sexes (%)",2013.0,86.76758000000001
67,El Salvador,2016,1827.493042,67.18898773,19.04724121,38.82822037,42.12453842,83.83,1.946800443,14.22319956,0,95.29706154,4.702938462,0,83.91116602,16.08883398,-,-,-,80.27,-,-,87.11,-,-,0,86.51751004,13.48248996,0,97.74266366,2.257336343,0,82.87458114,17.12541886,-,-,-,-,-,-,-,-,-,-,-,-,-,-,-,-,-,-,-,-,-,-,-,-,-,-,-,LR_AG15T99,"Adult literacy rate, population 15+ years, both sexes (%)",2015.0,87.96985
68,El Salvador,2016,1827.493042,67.18898773,19.04724121,38.82822037,42.12453842,83.83,1.946800443,14.22319956,0,95.29706154,4.702938462,0,83.91116602,16.08883398,-,-,-,80.27,-,-,87.11,-,-,0,86.51751004,13.48248996,0,97.74266366,2.257336343,0,82.87458114,17.12541886,-,-,-,-,-,-,-,-,-,-,-,-,-,-,-,-,-,-,-,-,-,-,-,-,-,-,-,LR_AG15T99,"Adult literacy rate, population 15+ years, both sexes (%)",2016.0,88.14177
69,Equatorial Guinea,2016,375.1440125,40.10300064,25.20632172,42.02226257,32.77141571,0,30.81145464,69.18854536,-,-,-,-,-,-,0,28.2,71.8,0,28.7,71.3,0,56.6,43.4,0,99.05271161,0.947288393,-,-,-,-,-,-,0,99.4,0.6,0,99.3,0.7,0,95.8,4.2,-,-,-,-,-,-,-,-,-,-,-,-,-,-,-,-,-,-,LR_AG15T99,"Adult literacy rate, population 15+ years, both sexes (%)",2014.0,95.0
70,Eritrea,2016,1753.795044,23.09397697,16.81057358,39.15999222,44.0294342,0,67.6721162,32.3278838,-,-,-,-,-,-,-,-,-,0,63.08214286,36.91785714,0,77.36071429,22.63928571,0,57.06679389,42.93320611,-,-,-,-,-,-,-,-,-,0,46.77906977,53.22093023,0,73.25,26.75,-,-,-,-,-,-,-,-,-,-,-,-,-,-,-,-,-,-,,,,
71,Estonia,2016,217.8099976,67.46797943,28.82649994,39.15430832,32.01919174,100,0,0,-,-,-,-,-,-,-,-,-,100,0,0,100,0,0,100,0,0,-,-,-,-,-,-,-,-,-,100,0,0,100,0,0,100,0,0,-,-,-,-,-,-,-,-,-,100,0,0,100,0,0,,,,
72,Eswatini,2016,483.197998,21.31507111,21.89123344,47.10987854,30.99888611,0,89.26460171,10.73539829,-,-,-,-,-,-,-,-,-,0,86.7,13.3,0,92.9,7.1,0,87.82313208,12.17686792,-,-,-,-,-,-,-,-,-,0,88.75,11.25,0,86.5,13.5,-,-,-,-,-,-,-,-,-,-,-,-,-,-,-,-,-,-,,,,
73,Ethiopia,2016,39070.10547,19.92200279,21.49568367,40.96434402,37.53996658,0,22.70043739,77.29956261,-,-,-,-,-,-,-,-,-,0,20.03727525,79.96272475,0,53.77435547,46.22564453,0,39.90313757,60.09686243,-,-,-,-,-,-,-,-,-,0,38.6,61.4,0,54.3,45.7,5.532803829,17.542256,76.92494017,-,-,-,-,-,-,-,-,-,5.4,15.6,79,7,39,54,,,,
74,Fiji,2016,267.1459961,54.09888077,20.04896164,39.14750671,40.80353165,88.077,5.423,6.5,-,-,-,-,-,-,-,-,-,-,-,-,-,-,-,76.1501774,13.9498226,9.9,-,-,-,-,-,-,-,-,-,-,-,-,-,-,-,60.89,27.14,11.97,-,-,-,-,-,-,-,-,-,-,-,-,-,-,-,,,,
75,Finland,2016,960.7410278,84.35800934,25.79966927,37.27581024,36.92451859,100,0,0,-,-,-,-,-,-,-,-,-,100,0,0,100,0,0,100,0,0,-,-,-,-,-,-,-,-,-,100,0,0,100,0,0,100,0,0,-,-,-,-,-,-,-,-,-,100,0,0,100,0,0,,,,
76,France,2016,11771.11035,79.75,20.11548615,33.78084946,46.1036644,100,0,0,-,-,-,-,-,-,-,-,-,100,0,0,100,0,0,100,0,0,-,-,-,-,-,-,-,-,-,100,0,0,100,0,0,100,0,0,-,-,-,-,-,-,-,-,-,100,0,0,100,0,0,,,,
77,Gambia,2016,858.8309937,60.22395706,30.13433456,38.40266418,31.46299934,0,74.70599007,25.29400993,-,-,-,-,-,-,0,63,37,0,79.79516129,20.20483871,0,89.70894428,10.29105572,81.65018463,16.3651265,1.984688867,-,-,-,-,-,-,-,-,-,82.89738,13.97694432,3.125675676,80.13418579,19.86581421,0,-,-,-,-,-,-,-,-,-,-,-,-,-,-,-,-,-,-,LR_AG15T99,"Adult literacy rate, population 15+ years, both sexes (%)",2013.0,41.95005
78,Gambia,2016,858.8309937,60.22395706,30.13433456,38.40266418,31.46299934,0,74.70599007,25.29400993,-,-,-,-,-,-,0,63,37,0,79.79516129,20.20483871,0,89.70894428,10.29105572,81.65018463,16.3651265,1.984688867,-,-,-,-,-,-,-,-,-,82.89738,13.97694432,3.125675676,80.13418579,19.86581421,0,-,-,-,-,-,-,-,-,-,-,-,-,-,-,-,-,-,-,LR_AG15T99,"Adult literacy rate, population 15+ years, both sexes (%)",2015.0,50.77797
79,Georgia,2016,710.6589966,53.82595444,22.97613907,39.97247696,37.05138397,73.8,16.2,10,-,-,-,-,-,-,-,-,-,-,-,-,-,-,-,60.2952,13.7048,26,-,-,-,-,-,-,0,88,12,-,-,-,-,-,-,12,60.98,27.02,-,-,-,-,-,-,0,80,20,0,100,0,0,100,0,LR_AG15T99,"Adult literacy rate, population 15+ years, both sexes (%)",2014.0,99.58619
80,Germany,2016,11844.21582,75.51000214,17.66557693,23.7355938,58.59883118,100,0,0,-,-,-,-,-,-,-,-,-,100,0,0,100,0,0,100,0,0,-,-,-,-,-,-,-,-,-,100,0,0,100,0,0,100,0,0,-,-,-,-,-,-,-,-,-,100,0,0,100,0,0,,,,
81,Ghana,2016,9771.818359,54.68200302,15.49417973,41.88906479,42.61675644,0,65.29167749,34.70832251,-,-,-,-,-,-,0,71.71522396,28.28477604,0,69.42622497,30.57377503,0,92.92541059,7.074589409,0,69.27132168,30.72867832,-,-,-,-,-,-,0,71.37021798,28.62978202,0,64.0517757,35.9482243,0,92.48834184,7.511658163,-,-,-,-,-,-,-,-,-,-,-,-,-,-,-,-,-,-,,,,
82,Gibraltar,2016,3.931999922,100,8.34181118,54.42522812,37.23295975,100,0,0,100,0,0,,,,-,-,-,100,0,0,100,0,0,100,0,0,100,0,0,,,,-,-,-,100,0,0,100,0,0,100,0,0,100,0,0,,,,-,-,-,100,0,0,100,0,0,,,,
83,Grenada,2016,26.11499977,35.61554718,15.20965004,49.83725739,34.95309067,100,0,0,-,-,-,-,-,-,-,-,-,100,0,0,100,0,0,-,-,-,-,-,-,-,-,-,-,-,-,-,-,-,-,-,-,100,0,0,-,-,-,-,-,-,-,-,-,100,0,0,100,0,0,LR_AG15T99,"Adult literacy rate, population 15+ years, both sexes (%)",2014.0,98.6
84,Guatemala,2016,5415.26416,52.03000259,21.49354172,43.05976486,35.44669342,0,81.05417896,18.94582104,0,99.03007519,0.969924812,0,73.34226437,26.65773563,-,-,-,0,81.05417896,18.94582104,-,-,-,76.20396601,-,-,87.71929825,10.98220551,1.298496241,70.71129707,-,-,-,-,-,76.20396601,-,-,-,-,-,-,-,-,-,-,-,-,-,-,-,-,-,-,-,-,-,-,-,LR_AG15T99,"Adult literacy rate, population 15+ years, both sexes (%)",2013.0,77.03867
85,Guatemala,2016,5415.26416,52.03000259,21.49354172,43.05976486,35.44669342,0,81.05417896,18.94582104,0,99.03007519,0.969924812,0,73.34226437,26.65773563,-,-,-,0,81.05417896,18.94582104,-,-,-,76.20396601,-,-,87.71929825,10.98220551,1.298496241,70.71129707,-,-,-,-,-,76.20396601,-,-,-,-,-,-,-,-,-,-,-,-,-,-,-,-,-,-,-,-,-,-,-,LR_AG15T99,"Adult literacy rate, population 15+ years, both sexes (%)",2014.0,81.2859
86,Guinea,2016,4869.579102,37.65099716,22.24313354,39.47909927,38.27776337,10.03837335,17.18758264,72.77404401,0,59.44260476,40.55739524,0,18.38415363,81.61584637,0,91.69530355,8.304696449,10.03837335,14.5607168,75.40090985,0,46.34,53.66,0,76.70375855,23.29624145,0,92.20400729,7.795992714,0,67.08198739,32.91801261,0,86.99885452,13.00114548,0,73.14689451,26.85310549,0,92.17678468,7.82321532,0,29.19395636,70.80604364,0,30,70,0,29,71,-,-,-,0,29.19395636,70.80604364,-,-,-,LR_AG15T99,"Adult literacy rate, population 15+ years, both sexes (%)",2014.0,32.003840000000004
87,Haiti,2016,3772.735107,59.7939949,19.61216545,38.11709595,42.27074051,0,43.00995549,56.99004451,-,-,-,-,-,-,-,-,-,0,48.42973351,51.57026649,-,-,-,0,54.63413563,45.36586437,-,-,-,-,-,-,-,-,-,-,-,-,-,-,-,-,-,-,-,-,-,-,-,-,-,-,-,-,-,-,-,-,-,LR_AG15T99,"Adult literacy rate, population 15+ years, both sexes (%)",2016.0,61.69135
88,Honduras,2016,2774.516113,55.3150177,20.71928978,42.90899658,36.37171173,58.62468394,19.79765681,21.57765925,0,95.74468085,4.255319149,0,81.37651822,18.62348178,0,79.61752988,20.38247012,64.63,18.37258076,16.99741924,51.54,43.75652352,4.703476483,81.53165867,0,18.46834133,91.4893617,4.964539007,3.546099291,63.67346939,-,-,-,-,-,-,-,-,-,-,-,12.48655573,46.71344427,40.8,-,-,-,-,-,-,-,-,-,5.42051,-,-,20.82262,-,-,LR_AG15T99,"Adult literacy rate, population 15+ years, both sexes (%)",2013.0,85.46441999999999
89,Honduras,2016,2774.516113,55.3150177,20.71928978,42.90899658,36.37171173,58.62468394,19.79765681,21.57765925,0,95.74468085,4.255319149,0,81.37651822,18.62348178,0,79.61752988,20.38247012,64.63,18.37258076,16.99741924,51.54,43.75652352,4.703476483,81.53165867,0,18.46834133,91.4893617,4.964539007,3.546099291,63.67346939,-,-,-,-,-,-,-,-,-,-,-,12.48655573,46.71344427,40.8,-,-,-,-,-,-,-,-,-,5.42051,-,-,20.82262,-,-,LR_AG15T99,"Adult literacy rate, population 15+ years, both sexes (%)",2014.0,87.19753
90,Honduras,2016,2774.516113,55.3150177,20.71928978,42.90899658,36.37171173,58.62468394,19.79765681,21.57765925,0,95.74468085,4.255319149,0,81.37651822,18.62348178,0,79.61752988,20.38247012,64.63,18.37258076,16.99741924,51.54,43.75652352,4.703476483,81.53165867,0,18.46834133,91.4893617,4.964539007,3.546099291,63.67346939,-,-,-,-,-,-,-,-,-,-,-,12.48655573,46.71344427,40.8,-,-,-,-,-,-,-,-,-,5.42051,-,-,20.82262,-,-,LR_AG15T99,"Adult literacy rate, population 15+ years, both sexes (%)",2015.0,87.90683
91,Honduras,2016,2774.516113,55.3150177,20.71928978,42.90899658,36.37171173,58.62468394,19.79765681,21.57765925,0,95.74468085,4.255319149,0,81.37651822,18.62348178,0,79.61752988,20.38247012,64.63,18.37258076,16.99741924,51.54,43.75652352,4.703476483,81.53165867,0,18.46834133,91.4893617,4.964539007,3.546099291,63.67346939,-,-,-,-,-,-,-,-,-,-,-,12.48655573,46.71344427,40.8,-,-,-,-,-,-,-,-,-,5.42051,-,-,20.82262,-,-,LR_AG15T99,"Adult literacy rate, population 15+ years, both sexes (%)",2016.0,88.98748
92,Hungary,2016,1554.347046,71.67202759,24.42691422,24.91007423,50.66300964,100,0,0,-,-,-,-,-,-,0,100,0,100,0,0,100,0,0,91.91586998,8.084130019,0,-,-,-,-,-,-,-,-,-,100,0,0,100,0,0,99.42256214,0,0.577437859,-,-,-,-,-,-,-,-,-,100,0,0,100,0,0,LR_AG15T99,"Adult literacy rate, population 15+ years, both sexes (%)",2014.0,99.1
93,India,2016,377928.9375,33.13600159,19.7967453,33.68632126,46.51693344,68.96185067,22.3077097,8.730439634,71.90030795,19.81298455,8.2867075,68.68542316,20.95720947,10.35736737,-,-,-,68.14199503,21.84642265,10.01158232,75.12401517,20.33829914,4.537685688,72.59234406,3.474660227,23.93299571,76.88587892,6.808458221,16.30566286,71.62240055,0,28.09262643,-,-,-,71.84829476,4.218709527,23.93299571,78.85925238,0,21.07035,54.411522,5.004423957,40.58405404,57.198999,21.450858,21.350143,54.147961,17.584081,28.267958,-,-,-,54.612908,3.437092,41.95,52.815555,15.032445,32.152,,,,
94,Indonesia,2016,65402.67969,54.4659996,14.48111725,43.52545929,41.99342728,65.69,3.4025,30.9075,-,-,-,-,-,-,-,-,-,64.76,3.6675,31.5725,68.11550582,4.154182997,27.73031118,34.12,53.79,12.09,-,-,-,-,-,-,-,-,-,31.4,56.41,12.19,40.5308994,47.45131908,12.01778152,41.62,23.19,35.19,-,-,-,-,-,-,-,-,-,42.83,22.27,34.9,40.36,23.36701012,36.27298988,LR_AG15T99,"Adult literacy rate, population 15+ years, both sexes (%)",2014.0,95.11622
95,Indonesia,2016,65402.67969,54.4659996,14.48111725,43.52545929,41.99342728,65.69,3.4025,30.9075,-,-,-,-,-,-,-,-,-,64.76,3.6675,31.5725,68.11550582,4.154182997,27.73031118,34.12,53.79,12.09,-,-,-,-,-,-,-,-,-,31.4,56.41,12.19,40.5308994,47.45131908,12.01778152,41.62,23.19,35.19,-,-,-,-,-,-,-,-,-,42.83,22.27,34.9,40.36,23.36701012,36.27298988,LR_AG15T99,"Adult literacy rate, population 15+ years, both sexes (%)",2015.0,95.21793000000001
96,Indonesia,2016,65402.67969,54.4659996,14.48111725,43.52545929,41.99342728,65.69,3.4025,30.9075,-,-,-,-,-,-,-,-,-,64.76,3.6675,31.5725,68.11550582,4.154182997,27.73031118,34.12,53.79,12.09,-,-,-,-,-,-,-,-,-,31.4,56.41,12.19,40.5308994,47.45131908,12.01778152,41.62,23.19,35.19,-,-,-,-,-,-,-,-,-,42.83,22.27,34.9,40.36,23.36701012,36.27298988,LR_AG15T99,"Adult literacy rate, population 15+ years, both sexes (%)",2016.0,95.37697
97,Israel,2016,2119.288086,92.20502472,22.50458717,40.82172775,36.67368317,100,0,0,-,-,-,-,-,-,-,-,-,100,0,0,100,0,0,100,0,0,-,-,-,-,-,-,-,-,-,100,0,0,100,0,0,100,0,0,-,-,-,-,-,-,-,-,-,100,0,0,100,0,0,,,,
98,Italy,2016,8914.136719,69.11599731,18.27577972,31.65520096,50.06901932,100,0,0,-,-,-,-,-,-,-,-,-,100,0,0,100,0,0,100,0,0,-,-,-,-,-,-,-,-,-,100,0,0,100,0,0,100,0,0,-,-,-,-,-,-,-,-,-,100,0,0,100,0,0,,,,
99,Jamaica,2016,732.2050171,55.02994537,17.55328178,47.2355423,35.21117783,83.26,-,-,-,-,-,-,-,-,-,-,-,93.92,-,-,68.83,-,-,83.26,-,-,-,-,-,-,-,-,-,-,-,93.92,-,-,68.83,-,-,83.26,-,-,-,-,-,-,-,-,-,-,-,93.92,-,-,68.83,-,-,LR_AG15T99,"Adult literacy rate, population 15+ years, both sexes (%)",2014.0,88.1
100,Jordan,2016,2275.37207,83.90500641,13.21630001,36.25688553,50.52681351,92.69682152,6.977180114,0,-,-,-,-,-,-,-,-,-,-,-,-,-,-,-,33.40853629,66.19754901,0.393914697,-,-,-,-,-,-,-,-,-,-,-,-,-,-,-,-,-,-,-,-,-,-,-,-,-,-,-,-,-,-,-,-,-,,,,
101,Kenya,2016,18867.53516,26.05500221,22.15518761,41.72589874,36.11891174,0,75.42245924,24.57754076,-,-,-,-,-,-,-,-,-,0,74,26,0,80.1,19.9,0,99.7,0.3,0,100,0,0,99.51690821,0.483091787,-,-,-,-,-,-,-,-,-,-,-,-,-,-,-,-,-,-,-,-,-,-,-,-,-,-,-,LR_AG15T99,"Adult literacy rate, population 15+ years, both sexes (%)",2014.0,78.73304
102,Kiribati,2016,40.66600037,44.44744873,22.21265984,39.52687836,38.26046371,0,66.15580187,33.84419813,-,-,-,-,-,-,-,-,-,0,56.13703958,43.86296042,0,80.84930314,19.15069686,-,-,-,-,-,-,-,-,-,-,-,-,-,-,-,-,-,-,-,-,-,-,-,-,-,-,-,-,-,-,-,-,-,-,-,-,,,,
103,Kuwait,2016,704.585022,98.35803986,17.14143753,38.26252365,44.59603882,100,0,0,-,-,-,-,-,-,-,-,-,100,0,0,100,0,0,100,0,0,-,-,-,-,-,-,-,-,-,100,0,0,100,0,0,100,0,0,-,-,-,-,-,-,-,-,-,100,0,0,100,0,0,LR_AG15T99,"Adult literacy rate, population 15+ years, both sexes (%)",2013.0,95.58582
104,Kuwait,2016,704.585022,98.35803986,17.14143753,38.26252365,44.59603882,100,0,0,-,-,-,-,-,-,-,-,-,100,0,0,100,0,0,100,0,0,-,-,-,-,-,-,-,-,-,100,0,0,100,0,0,100,0,0,-,-,-,-,-,-,-,-,-,100,0,0,100,0,0,LR_AG15T99,"Adult literacy rate, population 15+ years, both sexes (%)",2015.0,95.68545
105,Kyrgyzstan,2016,1660.796997,35.85001755,32.65552521,26.58982468,40.75465012,-,-,-,-,-,-,-,-,-,-,-,-,-,-,-,-,-,-,-,-,-,-,-,-,-,-,-,-,-,-,-,-,-,-,-,-,-,-,-,-,-,-,-,-,-,-,-,-,-,-,-,100,0,0,,,,
106,Lao People's Democratic Republic,2016,2214.293945,39.6539917,20.99843025,33.8435173,45.15805054,0,34.01398917,65.98601083,-,-,-,-,-,-,-,-,-,0,34.01398917,65.98601083,-,-,-,0,69.73584906,30.26415094,-,-,-,-,-,-,-,-,-,0,69.73584906,30.26415094,-,-,-,-,-,-,-,-,-,-,-,-,-,-,-,-,-,-,-,-,-,LR_AG15T99,"Adult literacy rate, population 15+ years, both sexes (%)",2015.0,84.66104
107,Latvia,2016,311.1610107,67.36094666,27.81839561,39.01774216,33.16386032,100,0,0,-,-,-,-,-,-,-,-,-,100,0,0,100,0,0,100,0,0,-,-,-,-,-,-,-,-,-,100,0,0,100,0,0,100,0,0,-,-,-,-,-,-,-,-,-,100,0,0,100,0,0,,,,
108,Lebanon,2016,1444.983032,87.91397858,17.9011097,37.80072021,44.29816818,59.4,0.75,39.85,-,-,-,-,-,-,57.2,2.75,40.05,59.7,3.1,37.2,60.6,2.6,36.8,92.6,6.6,0,-,-,-,-,-,-,91.6,7.4,1,92,7.2,0.8,95.2,3.5,1.3,36.2,59.6,4.2,-,-,-,-,-,-,34,62,4,33.6,61.8,4.6,45.9,51.1,3,,,,
109,Lesotho,2016,755.7199707,27.83994102,21.48467636,45.9447937,32.57052994,-,-,-,-,-,-,-,-,-,-,-,-,-,-,-,-,-,-,0,96.1,3.9,-,-,-,-,-,-,-,-,-,0,96.1,3.9,-,-,-,-,-,-,-,-,-,-,-,-,-,-,-,-,-,-,-,-,-,LR_AG15T99,"Adult literacy rate, population 15+ years, both sexes (%)",2014.0,76.6352
110,Liberia,2016,1772.67395,50.10001755,22.91786385,41.75099182,35.33114243,41.52189843,11.84815096,46.62995061,52.52039751,12.4133689,35.06623359,30.54374204,11.38407685,58.07218111,-,-,-,-,-,-,-,-,-,43.40099001,17.678611,38.92039898,0,85.66696815,14.33303185,0,52.67548638,47.32451362,-,-,-,-,-,-,-,-,-,50.2576,8.8324,40.91,67.20408966,7.628831944,25.1670784,33.54085603,9.789714522,56.66942945,-,-,-,-,-,-,-,-,-,,,,
111,Libya,2016,1570.416016,78.75403595,15.32988739,42.97116089,41.69895172,0,87,13,-,-,-,-,-,-,-,-,-,-,-,-,-,-,-,95.1294,4.8706,0,-,-,-,-,-,-,-,-,-,-,-,-,-,-,-,13,82,5,-,-,-,-,-,-,-,-,-,-,-,-,-,-,-,,,,
112,Madagascar,2016,9500.210938,35.74100494,22.45841789,34.64478683,42.89679337,0,19.26088692,80.73911308,-,-,-,-,-,-,-,-,-,0,13.7,86.3,0,23.70769231,76.29230769,0,69.28286684,30.71713316,-,-,-,-,-,-,-,-,-,0,62.55384615,37.44615385,52.15,23.5,24.35,-,-,-,-,-,-,-,-,-,-,-,-,-,-,-,-,-,-,,,,
113,Malawi,2016,7331.537109,16.45399857,23.35521126,41.92391205,34.7208786,0,88.87857143,11.12142857,0,95.86964286,4.130357143,0,87.85178571,12.14821429,-,-,-,0,88.00357143,11.99642857,0,92.23214286,7.767857143,70.26428571,4.610714286,25.125,72.74285714,5.110714286,22.14642857,69.93928571,4.446428571,25.61428571,-,-,-,72.32857143,4.060714286,23.61071429,60.97857143,6.860714286,32.16071429,0,36.83928571,63.16071429,0,44.76785714,55.23214286,0,35.87142857,64.12857143,-,-,-,0,38.02142857,61.97857143,0,32.06785714,67.93214286,LR_AG15T99,"Adult literacy rate, population 15+ years, both sexes (%)",2014.0,65.14537
114,Malawi,2016,7331.537109,16.45399857,23.35521126,41.92391205,34.7208786,0,88.87857143,11.12142857,0,95.86964286,4.130357143,0,87.85178571,12.14821429,-,-,-,0,88.00357143,11.99642857,0,92.23214286,7.767857143,70.26428571,4.610714286,25.125,72.74285714,5.110714286,22.14642857,69.93928571,4.446428571,25.61428571,-,-,-,72.32857143,4.060714286,23.61071429,60.97857143,6.860714286,32.16071429,0,36.83928571,63.16071429,0,44.76785714,55.23214286,0,35.87142857,64.12857143,-,-,-,0,38.02142857,61.97857143,0,32.06785714,67.93214286,LR_AG15T99,"Adult literacy rate, population 15+ years, both sexes (%)",2015.0,62.14354
115,Malaysia,2016,7243.620117,75.37001038,13.89727783,41.36862564,44.73409653,99.66,-,-,-,-,-,-,-,-,-,-,-,99.29,-,-,100,0,0,99.66,-,-,-,-,-,-,-,-,-,-,-,99.29,-,-,100,0,0,99.66,-,-,-,-,-,-,-,-,-,-,-,99.29,-,-,100,0,0,LR_AG15T99,"Adult literacy rate, population 15+ years, both sexes (%)",2016.0,93.7347
116,Mali,2016,7860.431152,40.68299866,31.06447983,38.89244843,30.04307365,0,38.1414083,61.8585917,-,-,-,-,-,-,-,-,-,0,34.85,65.15,0,47.4,52.6,20.18107243,42.68896837,37.1299592,-,-,-,-,-,-,-,-,-,17.3,44.05,38.65,20.1,50.25,29.65,-,-,-,-,-,-,-,-,-,-,-,-,-,-,-,-,-,-,LR_AG15T99,"Adult literacy rate, population 15+ years, both sexes (%)",2015.0,33.06889
117,Marshall Islands,2016,19.36599922,72.94226837,15.17091846,45.92068481,38.90839767,3.19,-,-,-,-,-,-,-,-,-,-,-,3.19,-,-,-,-,-,26.6,-,-,-,-,-,-,-,-,-,-,-,26.6,-,-,-,-,-,36.17,-,-,-,-,-,-,-,-,-,-,-,36.17,-,-,-,-,-,,,,
118,Mauritania,2016,1636.206055,60.44599533,22.14085579,39.1558876,38.7032547,-,-,-,-,-,-,-,-,-,-,-,-,-,-,-,0,41.6,58.4,26.62966315,12.93707778,60.43325907,-,-,-,-,-,-,-,-,-,26.74,13.41,59.85,25.8,8.3,65.9,-,-,-,-,-,-,-,-,-,-,-,-,-,-,-,-,-,-,,,,
119,Mauritius,2016,254.5850067,39.54789352,10.83842373,37.30384827,51.85773087,100,0,0,-,-,-,-,-,-,-,-,-,100,0,0,100,0,0,100,0,0,-,-,-,-,-,-,-,-,-,100,0,0,100,0,0,-,-,-,-,-,-,-,-,-,-,-,-,-,-,-,-,-,-,LR_AG15T99,"Adult literacy rate, population 15+ years, both sexes (%)",2013.0,91.49003
120,Mauritius,2016,254.5850067,39.54789352,10.83842373,37.30384827,51.85773087,100,0,0,-,-,-,-,-,-,-,-,-,100,0,0,100,0,0,100,0,0,-,-,-,-,-,-,-,-,-,100,0,0,100,0,0,-,-,-,-,-,-,-,-,-,-,-,-,-,-,-,-,-,-,LR_AG15T99,"Adult literacy rate, population 15+ years, both sexes (%)",2014.0,92.47476
121,Mauritius,2016,254.5850067,39.54789352,10.83842373,37.30384827,51.85773087,100,0,0,-,-,-,-,-,-,-,-,-,100,0,0,100,0,0,100,0,0,-,-,-,-,-,-,-,-,-,100,0,0,100,0,0,-,-,-,-,-,-,-,-,-,-,-,-,-,-,-,-,-,-,LR_AG15T99,"Adult literacy rate, population 15+ years, both sexes (%)",2015.0,92.7076
122,Mauritius,2016,254.5850067,39.54789352,10.83842373,37.30384827,51.85773087,100,0,0,-,-,-,-,-,-,-,-,-,100,0,0,100,0,0,100,0,0,-,-,-,-,-,-,-,-,-,100,0,0,100,0,0,-,-,-,-,-,-,-,-,-,-,-,-,-,-,-,-,-,-,LR_AG15T99,"Adult literacy rate, population 15+ years, both sexes (%)",2016.0,93.15784000000001
123,Mexico,2016,34694.21484,79.51699829,19.67966652,39.64935684,40.67097473,0,88.63447577,11.36552423,0,97.34096982,2.659030184,0,77.45853536,22.54146464,0,90.12,9.88,0,87.39631579,12.60368421,0,87.74,12.26,74.70238095,20.56544983,4.732169219,85.57692308,12.40158778,2.021489138,57.03125,36.22758835,6.741161653,0,95.08,4.92,74.7,20.65,4.65,0,96.045,3.955,0,70.39832877,29.60167123,0,87.7600026,12.2399974,0,52.34474762,47.65525238,0,72.69244772,27.30755228,0,67.19332182,32.80667818,0,71.83860759,28.16139241,LR_AG15T99,"Adult literacy rate, population 15+ years, both sexes (%)",2013.0,93.96285
124,Mexico,2016,34694.21484,79.51699829,19.67966652,39.64935684,40.67097473,0,88.63447577,11.36552423,0,97.34096982,2.659030184,0,77.45853536,22.54146464,0,90.12,9.88,0,87.39631579,12.60368421,0,87.74,12.26,74.70238095,20.56544983,4.732169219,85.57692308,12.40158778,2.021489138,57.03125,36.22758835,6.741161653,0,95.08,4.92,74.7,20.65,4.65,0,96.045,3.955,0,70.39832877,29.60167123,0,87.7600026,12.2399974,0,52.34474762,47.65525238,0,72.69244772,27.30755228,0,67.19332182,32.80667818,0,71.83860759,28.16139241,LR_AG15T99,"Adult literacy rate, population 15+ years, both sexes (%)",2014.0,94.55588
125,Mexico,2016,34694.21484,79.51699829,19.67966652,39.64935684,40.67097473,0,88.63447577,11.36552423,0,97.34096982,2.659030184,0,77.45853536,22.54146464,0,90.12,9.88,0,87.39631579,12.60368421,0,87.74,12.26,74.70238095,20.56544983,4.732169219,85.57692308,12.40158778,2.021489138,57.03125,36.22758835,6.741161653,0,95.08,4.92,74.7,20.65,4.65,0,96.045,3.955,0,70.39832877,29.60167123,0,87.7600026,12.2399974,0,52.34474762,47.65525238,0,72.69244772,27.30755228,0,67.19332182,32.80667818,0,71.83860759,28.16139241,LR_AG15T99,"Adult literacy rate, population 15+ years, both sexes (%)",2015.0,94.47228
126,Mexico,2016,34694.21484,79.51699829,19.67966652,39.64935684,40.67097473,0,88.63447577,11.36552423,0,97.34096982,2.659030184,0,77.45853536,22.54146464,0,90.12,9.88,0,87.39631579,12.60368421,0,87.74,12.26,74.70238095,20.56544983,4.732169219,85.57692308,12.40158778,2.021489138,57.03125,36.22758835,6.741161653,0,95.08,4.92,74.7,20.65,4.65,0,96.045,3.955,0,70.39832877,29.60167123,0,87.7600026,12.2399974,0,52.34474762,47.65525238,0,72.69244772,27.30755228,0,67.19332182,32.80667818,0,71.83860759,28.16139241,LR_AG15T99,"Adult literacy rate, population 15+ years, both sexes (%)",2016.0,94.85961999999999
127,Monaco,2016,-,-,-,-,-,100,0,0,-,-,-,,,,-,-,-,100,0,0,100,0,0,100,0,0,-,-,-,,,,-,-,-,100,0,0,100,0,0,100,0,0,-,-,-,,,,-,-,-,100,0,0,100,0,0,,,,
128,Mongolia,2016,696.3809814,72.82306671,18.34139633,37.81306458,43.84553909,74.4,23.85,1.75,84.8,14.8,0,72.9,24.7,2.4,-,-,-,72.7,23.8,3.5,73.4,25.35,1.25,63.242256,21.107744,15.65,70.2326,29.7674,0,57.686151,17.963849,24.35,-,-,-,70.1512175,15.5987825,14.25,63.4749798,21.4750202,15.05,41.4,35.9,22.7,52.7,34.3,13,35.2,40.7,24.1,-,-,-,43.6,36.4,20,65.735,10.065,24.2,,,,
129,Morocco,2016,8592.599609,60.685009,15.1811676,43.29446411,41.52436829,82.05,5.057697872,12.89230213,-,-,-,-,-,-,-,-,-,72.91,10.74,16.35,90.6,0,9.4,69.8816,18.93937847,11.17902153,81.51,-,-,56.1015,-,-,-,-,-,69.8816,14.0684,16.05,0,93.7,6.3,-,-,-,-,-,-,-,-,-,-,-,-,-,-,-,-,-,-,,,,
130,Mozambique,2016,11875.61719,32.50800323,23.62710953,47.97677612,28.39611626,0,31,69,0,46.15384615,53.84615385,0,27.81065089,72.18934911,-,-,-,0,31,69,-,-,-,47.5,29,23.5,50,30.76923077,19.23076923,46.15384615,28.40236686,25.44378698,-,-,-,47.5,29,23.5,-,-,-,15.4,-,-,15.38461538,-,-,10.65088757,-,-,-,-,-,15.4,-,-,-,-,-,LR_AG15T99,"Adult literacy rate, population 15+ years, both sexes (%)",2015.0,56.038999999999994
131,Myanmar,2016,12893.4082,34.65000153,14.20587158,37.68196869,48.11215973,70.85,-,-,-,-,-,-,-,-,-,-,-,70.85,-,-,-,-,-,-,-,-,-,-,-,-,-,-,-,-,-,-,-,-,-,-,-,-,-,-,-,-,-,-,-,-,-,-,-,-,-,-,-,-,-,LR_AG15T99,"Adult literacy rate, population 15+ years, both sexes (%)",2016.0,75.5512
132,Namibia,2016,784.8510132,47.62496185,15.69724655,50.14595032,34.15680313,76.40963855,14.21484001,9.375521441,-,-,-,-,-,-,-,-,-,-,-,-,-,-,-,46.06109147,30.50322281,23.43568572,-,-,-,-,-,-,-,-,-,-,-,-,-,-,-,20,15.60830861,64.39169139,-,-,-,-,-,-,-,-,-,-,-,-,-,-,-,,,,
133,Nauru,2016,3.947000027,100,24.87965584,42.79199219,32.32835007,-,-,-,-,-,-,,,,-,-,-,-,-,-,-,-,-,86.472,-,-,86.5,-,-,,,,-,-,-,100,0,0,66.18,-,-,-,-,-,-,-,-,,,,-,-,-,-,-,-,-,-,-,,,,
134,Nepal,2016,9028.546875,18.99500465,12.87799644,34.89196014,52.2300415,46.94453783,30.55546217,22.5,-,-,-,-,-,-,-,-,-,39.01146,-,-,76.48106388,-,-,0,82,18,-,-,-,-,-,-,-,-,-,-,-,-,-,-,-,-,-,-,-,-,-,-,-,-,-,-,-,-,-,-,-,-,-,,,,
135,Netherlands,2016,2905.971924,91.03198242,18.49773407,39.72261429,41.77965164,100,0,0,-,-,-,-,-,-,-,-,-,100,0,0,100,0,0,100,0,0,-,-,-,-,-,-,-,-,-,100,0,0,100,0,0,100,0,0,-,-,-,-,-,-,-,-,-,100,0,0,100,0,0,,,,
136,Nicaragua,2016,1700.334961,59.10699844,21.53375626,43.25506592,35.21117783,0,68.45729539,31.54270461,0,88.52459016,11.47540984,0,57.26495726,42.73504274,-,-,-,0,68.45729539,31.54270461,-,-,-,43.17548747,-,-,64.22764228,-,-,32.20338983,-,-,-,-,-,43.17548747,-,-,-,-,-,-,-,-,-,-,-,-,-,-,-,-,-,-,-,-,-,-,-,LR_AG15T99,"Adult literacy rate, population 15+ years, both sexes (%)",2015.0,82.61455
137,Niger,2016,8718.210938,19.01000023,24.46958351,40.6463089,34.88410568,0,18.89604992,81.10395008,0,39.62992711,60.37007289,0,12.70671826,87.29328174,0,25.86401297,74.13598703,0,17.33011169,82.66988831,0,53.85488358,46.14511642,21.05,3.36950118,75.58049882,28.3,8.19693286,63.50306714,19.8353043,0,80.1646957,0,21.55668647,78.44331353,17.78,5.268920699,76.9510793,0,56.14878614,43.85121386,14.45,-,-,-,-,-,-,-,-,-,-,-,14.45,-,-,-,-,-,,,,
138,Nigeria,2016,60414.64063,48.59700012,9.321149826,50.00824356,40.67060471,0,50,50,-,-,-,-,-,-,-,-,-,-,-,-,-,-,-,0,47.79039,52.20961,-,-,-,-,-,-,-,-,-,-,-,-,-,-,-,-,-,-,-,-,-,-,-,-,-,-,-,-,-,-,-,-,-,,,,
139,Niue,2016,0.340000004,43.23529434,5.294117451,45.88235474,48.82352829,100,0,0,-,-,-,-,-,-,-,-,-,100,0,0,100,0,0,100,0,0,-,-,-,-,-,-,-,-,-,100,0,0,100,0,0,100,0,0,-,-,-,-,-,-,-,-,-,100,0,0,100,0,0,,,,
140,Norway,2016,1012.161987,80.73401642,18.97156715,43.21432877,37.81410599,100,0,0,-,-,-,-,-,-,-,-,-,100,0,0,100,0,0,100,0,0,-,-,-,-,-,-,-,-,-,100,0,0,100,0,0,100,0,0,-,-,-,-,-,-,-,-,-,100,0,0,100,0,0,,,,
141,Oman,2016,750.3619995,78.08804321,18.1938858,45.17326355,36.63285065,92.31333333,6.2325,1.454166667,-,-,-,-,-,-,-,-,-,-,-,-,-,-,-,0,98.38,1.62,-,-,-,-,-,-,-,-,-,-,-,-,-,-,-,-,-,-,-,-,-,-,-,-,-,-,-,-,-,-,-,-,-,LR_AG15T99,"Adult literacy rate, population 15+ years, both sexes (%)",2014.0,91.9812
142,Oman,2016,750.3619995,78.08804321,18.1938858,45.17326355,36.63285065,92.31333333,6.2325,1.454166667,-,-,-,-,-,-,-,-,-,-,-,-,-,-,-,0,98.38,1.62,-,-,-,-,-,-,-,-,-,-,-,-,-,-,-,-,-,-,-,-,-,-,-,-,-,-,-,-,-,-,-,-,-,LR_AG15T99,"Adult literacy rate, population 15+ years, both sexes (%)",2015.0,93.03860999999999
143,Oman,2016,750.3619995,78.08804321,18.1938858,45.17326355,36.63285065,92.31333333,6.2325,1.454166667,-,-,-,-,-,-,-,-,-,-,-,-,-,-,-,0,98.38,1.62,-,-,-,-,-,-,-,-,-,-,-,-,-,-,-,-,-,-,-,-,-,-,-,-,-,-,-,-,-,-,-,-,-,LR_AG15T99,"Adult literacy rate, population 15+ years, both sexes (%)",2016.0,94.89999
144,Pakistan,2016,59006.51563,39.22399902,16.32005119,37.37849045,46.30146408,57.47511944,8.177085032,34.34779553,0,82.8,17.2,0,65.30833333,34.69166667,-,-,-,52.00761,10.79239,37.2,80.62726476,3.83106857,15.54166667,0,72.32704653,27.67295347,0,82.30040483,17.69959517,0,68.60836052,31.39163948,-,-,-,0,64.27753722,35.72246278,0,90.70946856,9.290531441,-,-,-,-,-,-,-,-,-,-,-,-,-,-,-,-,-,-,LR_AG15T99,"Adult literacy rate, population 15+ years, both sexes (%)",2013.0,55.59499
145,Pakistan,2016,59006.51563,39.22399902,16.32005119,37.37849045,46.30146408,57.47511944,8.177085032,34.34779553,0,82.8,17.2,0,65.30833333,34.69166667,-,-,-,52.00761,10.79239,37.2,80.62726476,3.83106857,15.54166667,0,72.32704653,27.67295347,0,82.30040483,17.69959517,0,68.60836052,31.39163948,-,-,-,0,64.27753722,35.72246278,0,90.70946856,9.290531441,-,-,-,-,-,-,-,-,-,-,-,-,-,-,-,-,-,-,LR_AG15T99,"Adult literacy rate, population 15+ years, both sexes (%)",2014.0,56.97715
146,Panama,2016,1089.131958,66.8950119,21.05171776,40.34038162,38.60789871,0,80.27349298,19.72650702,0,100,0,0,69.90859851,30.09140149,-,-,-,0,80.27349298,19.72650702,-,-,-,81.50289017,-,-,91.11111111,-,-,75.35545024,-,-,-,-,-,81.50289017,-,-,-,-,-,-,-,-,-,-,-,-,-,-,-,-,-,-,-,-,-,-,-,,,,
147,Papua New Guinea,2016,2988.510986,13.03900146,20.34263802,44.86157227,34.79578781,46.83280137,5.475079794,47.69211883,-,-,-,-,-,-,34.04583093,5.89254766,60.06162141,45.76464621,5.465381689,48.7699721,80,5.294117647,14.70588235,45.076,16.294,38.63,-,-,-,-,-,-,43.35,18.5757,38.0743,44.28,16.4096,39.3104,69.36,11.5648,19.0752,10.38,42.5895,47.0305,5.83,44.03,50.14,7.72,42.2,50.08,10.63,41.705,47.665,10.214,42.651,47.135,14.115,40.585,45.3,,,,
148,Paraguay,2016,2002.838013,59.92401886,20.24107742,39.97117996,39.78774261,0,96.56578924,3.434210764,0,100,0,0,91.2740638,8.7259362,-,-,-,0,96.56578924,3.434210764,-,-,-,76.59033079,-,-,84.49197861,-,-,69.41747573,-,-,-,-,-,76.59033079,-,-,-,-,-,-,-,-,-,-,-,-,-,-,-,-,-,-,-,-,-,-,-,LR_AG15T99,"Adult literacy rate, population 15+ years, both sexes (%)",2013.0,95.05904
149,Paraguay,2016,2002.838013,59.92401886,20.24107742,39.97117996,39.78774261,0,96.56578924,3.434210764,0,100,0,0,91.2740638,8.7259362,-,-,-,0,96.56578924,3.434210764,-,-,-,76.59033079,-,-,84.49197861,-,-,69.41747573,-,-,-,-,-,76.59033079,-,-,-,-,-,-,-,-,-,-,-,-,-,-,-,-,-,-,-,-,-,-,-,LR_AG15T99,"Adult literacy rate, population 15+ years, both sexes (%)",2014.0,95.03481
150,Paraguay,2016,2002.838013,59.92401886,20.24107742,39.97117996,39.78774261,0,96.56578924,3.434210764,0,100,0,0,91.2740638,8.7259362,-,-,-,0,96.56578924,3.434210764,-,-,-,76.59033079,-,-,84.49197861,-,-,69.41747573,-,-,-,-,-,76.59033079,-,-,-,-,-,-,-,-,-,-,-,-,-,-,-,-,-,-,-,-,-,-,-,LR_AG15T99,"Adult literacy rate, population 15+ years, both sexes (%)",2015.0,95.55484
151,Paraguay,2016,2002.838013,59.92401886,20.24107742,39.97117996,39.78774261,0,96.56578924,3.434210764,0,100,0,0,91.2740638,8.7259362,-,-,-,0,96.56578924,3.434210764,-,-,-,76.59033079,-,-,84.49197861,-,-,69.41747573,-,-,-,-,-,76.59033079,-,-,-,-,-,-,-,-,-,-,-,-,-,-,-,-,-,-,-,-,-,-,-,LR_AG15T99,"Adult literacy rate, population 15+ years, both sexes (%)",2016.0,94.65024
152,Peru,2016,8069.130859,78.9240036,22.21377945,42.98108292,34.80513763,73.06602,5.105864942,21.82811506,85.843423,7.185122407,6.971454593,56.5519926,5.609108862,37.83889854,76.4136415,9.4153585,14.171,70.9081128,8.346805233,20.74508197,72.9,10.96,16.14,68.46545391,27.70954609,3.825,86.04199588,12.78992104,1.16808308,46.65898597,45.32951403,8.0115,61.8884285,34.1110715,4.0005,69.51648746,26.34801254,4.1355,71.562075,25.012925,3.425,0,78.2,21.8,0,84.5,15.5,0,67.62,32.38,0,79.28,20.72,0,78.12,21.88,0,78.2,21.8,LR_AG15T99,"Adult literacy rate, population 15+ years, both sexes (%)",2014.0,93.70795
153,Peru,2016,8069.130859,78.9240036,22.21377945,42.98108292,34.80513763,73.06602,5.105864942,21.82811506,85.843423,7.185122407,6.971454593,56.5519926,5.609108862,37.83889854,76.4136415,9.4153585,14.171,70.9081128,8.346805233,20.74508197,72.9,10.96,16.14,68.46545391,27.70954609,3.825,86.04199588,12.78992104,1.16808308,46.65898597,45.32951403,8.0115,61.8884285,34.1110715,4.0005,69.51648746,26.34801254,4.1355,71.562075,25.012925,3.425,0,78.2,21.8,0,84.5,15.5,0,67.62,32.38,0,79.28,20.72,0,78.12,21.88,0,78.2,21.8,LR_AG15T99,"Adult literacy rate, population 15+ years, both sexes (%)",2015.0,94.16234
154,Peru,2016,8069.130859,78.9240036,22.21377945,42.98108292,34.80513763,73.06602,5.105864942,21.82811506,85.843423,7.185122407,6.971454593,56.5519926,5.609108862,37.83889854,76.4136415,9.4153585,14.171,70.9081128,8.346805233,20.74508197,72.9,10.96,16.14,68.46545391,27.70954609,3.825,86.04199588,12.78992104,1.16808308,46.65898597,45.32951403,8.0115,61.8884285,34.1110715,4.0005,69.51648746,26.34801254,4.1355,71.562075,25.012925,3.425,0,78.2,21.8,0,84.5,15.5,0,67.62,32.38,0,79.28,20.72,0,78.12,21.88,0,78.2,21.8,LR_AG15T99,"Adult literacy rate, population 15+ years, both sexes (%)",2016.0,94.17367
155,Philippines,2016,23413.35938,44.28900146,9.476439476,55.06389236,35.45967484,50.30711702,12.08592277,37.60696021,-,-,-,-,-,-,-,-,-,48.7018,12.6032,38.695,57.9213,9.5487,32.53,39.00588761,59.8687869,1.125325492,-,-,-,-,-,-,-,-,-,32.75,62.8,4.45,68.24,25.13,6.63,45.88626819,14.28119164,39.83254017,-,-,-,-,-,-,-,-,-,49.498,10.01533333,40.48666667,29.825,33.42166667,36.75333333,LR_AG15T99,"Adult literacy rate, population 15+ years, both sexes (%)",2013.0,96.398
156,Philippines,2016,23413.35938,44.28900146,9.476439476,55.06389236,35.45967484,50.30711702,12.08592277,37.60696021,-,-,-,-,-,-,-,-,-,48.7018,12.6032,38.695,57.9213,9.5487,32.53,39.00588761,59.8687869,1.125325492,-,-,-,-,-,-,-,-,-,32.75,62.8,4.45,68.24,25.13,6.63,45.88626819,14.28119164,39.83254017,-,-,-,-,-,-,-,-,-,49.498,10.01533333,40.48666667,29.825,33.42166667,36.75333333,LR_AG15T99,"Adult literacy rate, population 15+ years, both sexes (%)",2015.0,98.18255
157,Portugal,2016,1537.261963,64.01699829,18.102314,39.48819351,42.40949249,100,0,0,-,-,-,-,-,-,-,-,-,100,0,0,100,0,0,100,0,0,-,-,-,-,-,-,-,-,-,100,0,0,100,0,0,100,0,0,-,-,-,-,-,-,-,-,-,100,0,0,100,0,0,,,,
158,Qatar,2016,316.7290039,99.31708527,24.11935806,42.39176178,33.48888016,100,0,0,-,-,-,-,-,-,-,-,-,100,0,0,100,0,0,100,0,0,-,-,-,-,-,-,-,-,-,100,0,0,100,0,0,100,0,0,-,-,-,-,-,-,-,-,-,100,0,0,100,0,0,LR_AG15T99,"Adult literacy rate, population 15+ years, both sexes (%)",2013.0,90.63299
159,Qatar,2016,316.7290039,99.31708527,24.11935806,42.39176178,33.48888016,100,0,0,-,-,-,-,-,-,-,-,-,100,0,0,100,0,0,100,0,0,-,-,-,-,-,-,-,-,-,100,0,0,100,0,0,100,0,0,-,-,-,-,-,-,-,-,-,100,0,0,100,0,0,LR_AG15T99,"Adult literacy rate, population 15+ years, both sexes (%)",2014.0,91.32722
160,Qatar,2016,316.7290039,99.31708527,24.11935806,42.39176178,33.48888016,100,0,0,-,-,-,-,-,-,-,-,-,100,0,0,100,0,0,100,0,0,-,-,-,-,-,-,-,-,-,100,0,0,100,0,0,100,0,0,-,-,-,-,-,-,-,-,-,100,0,0,100,0,0,LR_AG15T99,"Adult literacy rate, population 15+ years, both sexes (%)",2016.0,93.1453
161,Republic of Korea,2016,7528.694824,82.59200287,17.92565727,37.04541016,45.02893448,100,0,0,-,-,-,-,-,-,-,-,-,100,0,0,100,0,0,100,0,0,-,-,-,-,-,-,-,-,-,100,0,0,100,0,0,100,0,0,-,-,-,-,-,-,-,-,-,100,0,0,100,0,0,,,,
162,Republic of Moldova,2016,508.0379944,45.08895111,27.39735985,23.70570755,48.89693451,100,0,0,-,-,-,-,-,-,-,-,-,100,0,0,100,0,0,94.47142857,5.528571429,0,-,-,-,-,-,-,-,-,-,100,0,0,100,0,0,100,0,0,-,-,-,-,-,-,-,-,-,100,0,0,100,0,0,LR_AG15T99,"Adult literacy rate, population 15+ years, both sexes (%)",2014.0,99.35989000000001
163,Russian Federation,2016,22072.97656,74.10099792,31.13413429,27.51189423,41.35396957,0,98.19166667,1.808333333,-,-,-,-,-,-,0,98.50714286,1.492857143,-,-,-,-,-,-,0,98.10833333,1.891666667,-,-,-,-,-,-,0,98.45238095,1.547619048,-,-,-,-,-,-,-,-,-,-,-,-,-,-,-,-,-,-,-,-,-,-,-,-,,,,
164,Rwanda,2016,4440.76709,29.77499199,22.98859596,41.84635162,35.16505051,44.16,-,-,-,-,-,-,-,-,-,-,-,38.67,-,-,50.68,-,-,88.37892235,11.62107765,0,-,-,-,-,-,-,-,-,-,90.85,9.15,0,83.92,16.08,0,47.91,-,-,-,-,-,-,-,-,-,-,-,45.25,-,-,51.08,-,-,LR_AG15T99,"Adult literacy rate, population 15+ years, both sexes (%)",2014.0,70.80413
165,Saint Kitts and Nevis,2016,-,-,-,-,-,83.57935484,-,-,-,-,-,-,-,-,-,-,-,78.79,-,-,100,0,0,-,-,-,-,-,-,-,-,-,-,-,-,-,-,-,-,-,-,83.57935484,-,-,-,-,-,-,-,-,-,-,-,78.79,-,-,100,0,0,,,,
166,Saint Lucia,2016,39.91699982,18.54097176,10.39156246,53.40832138,36.2001152,99.29,-,-,-,-,-,-,-,-,-,-,-,98.75,-,-,100,0,0,99.29,-,-,-,-,-,-,-,-,-,-,-,98.75,-,-,100,0,0,99.29,-,-,-,-,-,-,-,-,-,-,-,98.75,-,-,100,0,0,,,,
167,Saint Vincent and the Grenadines,2016,25.73900032,50.89941406,13.69128513,49.54737854,36.76133347,100,0,0,-,-,-,-,-,-,-,-,-,100,0,0,100,0,0,100,0,0,-,-,-,-,-,-,-,-,-,100,0,0,100,0,0,100,0,0,-,-,-,-,-,-,-,-,-,100,0,0,100,0,0,,,,
168,Samoa,2016,71.01300049,18.95568466,13.9270277,42.68373489,43.38924026,-,-,-,-,-,-,-,-,-,-,-,-,-,-,-,100,0,0,-,-,-,-,-,-,-,-,-,-,-,-,-,-,-,-,-,-,-,-,-,-,-,-,-,-,-,-,-,-,-,-,-,-,-,-,,,,
169,Sao Tome and Principe,2016,79.12599945,65.64719391,22.66637993,42.00136566,35.33225632,0,88.93805856,11.06194144,-,-,-,-,-,-,-,-,-,0,87.73369667,12.26630333,0,97.6,2.4,75.72173108,20.17428793,4.103980986,-,-,-,-,-,-,-,-,-,72.61857673,22.95718085,4.424242424,100,0,0,0,89.68457098,10.31542902,-,-,-,-,-,-,-,-,-,0,88.04348,11.95652,0,100,0,,,,
170,Senegal,2016,6186.673828,44.06500244,22.89116859,39.577034,37.53179932,31.56,35.87933805,32.56066195,0,88.90017377,11.09982623,0,51.80566731,48.19433269,0,36.76384,63.23616,31.56,33.89073113,34.54926887,0,86.01092774,13.98907226,0,74.49981284,25.50018716,0,94.34213649,5.657863512,0,69.15342006,30.84657994,0,38.32207,61.67793,0,75.39829308,24.60170692,0,84.39616835,15.60383165,22.0858824,-,-,-,-,-,-,-,-,-,-,-,25.39,-,-,10.24,-,-,LR_AG15T99,"Adult literacy rate, population 15+ years, both sexes (%)",2013.0,42.8175
171,Serbia,2016,1103.041992,55.66796112,24.05239296,24.56615448,51.38145065,71.97148813,-,-,-,-,-,-,-,-,-,-,-,63.404,-,-,91.48,-,-,73.72849507,-,-,-,-,-,-,-,-,-,-,-,65.64289,-,-,92.13974,-,-,73.4429632,-,-,-,-,-,-,-,-,-,-,-,65.90318,-,-,90.61135,-,-,LR_AG15T99,"Adult literacy rate, population 15+ years, both sexes (%)",2016.0,98.84151
172,Seychelles,2016,18.9829998,54.21166229,15.90897083,42.05341721,42.03761292,100,0,0,-,-,-,-,-,-,-,-,-,100,0,0,100,0,0,100,0,0,-,-,-,-,-,-,-,-,-,100,0,0,100,0,0,100,0,0,-,-,-,-,-,-,-,-,-,100,0,0,100,0,0,,,,
173,Sierra Leone,2016,3102.611084,40.31800842,21.5315094,39.64515686,38.82333374,61.55660377,20.74339623,17.7,-,-,-,-,-,-,-,-,-,-,-,-,-,-,-,12.32227488,42.42772512,45.25,-,-,-,-,-,-,-,-,-,-,-,-,-,-,-,0,36.08490566,63.91509434,-,-,-,-,-,-,-,-,-,-,-,-,-,-,-,LR_AG15T99,"Adult literacy rate, population 15+ years, both sexes (%)",2013.0,32.42617
174,Singapore,2016,509.2659912,100,21.20208359,46.16938782,32.62852859,100,0,0,100,0,0,,,,-,-,-,100,0,0,100,0,0,100,0,0,100,0,0,,,,-,-,-,100,0,0,100,0,0,100,0,0,100,0,0,,,,-,-,-,100,0,0,100,0,0,LR_AG15T99,"Adult literacy rate, population 15+ years, both sexes (%)",2013.0,96.54808
175,Singapore,2016,509.2659912,100,21.20208359,46.16938782,32.62852859,100,0,0,100,0,0,,,,-,-,-,100,0,0,100,0,0,100,0,0,100,0,0,,,,-,-,-,100,0,0,100,0,0,100,0,0,100,0,0,,,,-,-,-,100,0,0,100,0,0,LR_AG15T99,"Adult literacy rate, population 15+ years, both sexes (%)",2014.0,96.71666
176,Singapore,2016,509.2659912,100,21.20208359,46.16938782,32.62852859,100,0,0,100,0,0,,,,-,-,-,100,0,0,100,0,0,100,0,0,100,0,0,,,,-,-,-,100,0,0,100,0,0,100,0,0,100,0,0,,,,-,-,-,100,0,0,100,0,0,LR_AG15T99,"Adult literacy rate, population 15+ years, both sexes (%)",2015.0,96.82549
177,Singapore,2016,509.2659912,100,21.20208359,46.16938782,32.62852859,100,0,0,100,0,0,,,,-,-,-,100,0,0,100,0,0,100,0,0,100,0,0,,,,-,-,-,100,0,0,100,0,0,100,0,0,100,0,0,,,,-,-,-,100,0,0,100,0,0,LR_AG15T99,"Adult literacy rate, population 15+ years, both sexes (%)",2016.0,97.04959000000001
178,Slovakia,2016,889.5560303,53.46802139,19.69252014,25.25057411,55.05690384,100,0,0,-,-,-,-,-,-,-,-,-,100,0,0,100,0,0,100,0,0,-,-,-,-,-,-,-,-,-,100,0,0,100,0,0,100,0,0,-,-,-,-,-,-,-,-,-,100,0,0,100,0,0,,,,
179,Slovenia,2016,315.9979858,49.6268959,21.04443741,38.10213852,40.85342407,100,0,0,-,-,-,-,-,-,-,-,-,100,0,0,100,0,0,100,0,0,-,-,-,-,-,-,-,-,-,100,0,0,100,0,0,100,0,0,-,-,-,-,-,-,-,-,-,100,0,0,100,0,0,LR_AG15T99,"Adult literacy rate, population 15+ years, both sexes (%)",2014.0,99.7
180,Solomon Islands,2016,237.5599976,22.77908707,20.78169632,39.32564545,39.89265823,16.57,36.43,47,-,-,-,14,39,47,-,-,-,19.56,-,-,18.73,-,-,26.69,9.31,64,-,-,-,25,11,64,-,-,-,22.48,-,-,34.2,-,-,17,17,66,-,-,-,17,17,66,-,-,-,-,-,-,-,-,-,,,,
181,Somalia,2016,5861.720215,40.03000641,24.35680962,41.53922272,34.10396576,0,38.37693222,61.62306778,-,-,-,-,-,-,-,-,-,0,37.04318937,62.95681063,0,49.71751412,50.28248588,0,40.4,59.6,-,-,-,-,-,-,-,-,-,-,-,-,-,-,-,-,-,-,-,-,-,-,-,-,-,-,-,-,-,-,-,-,-,,,,
182,South Africa,2016,13641.2959,65.29499817,8.042791367,54.26501846,37.69218826,77.74587537,21.43031517,0.823809461,-,-,-,-,-,-,-,-,-,-,-,-,-,-,-,0,83.42234589,16.57765411,-,-,-,-,-,-,-,-,-,-,-,-,-,-,-,-,-,-,-,-,-,-,-,-,-,-,-,-,-,-,-,-,-,LR_AG15T99,"Adult literacy rate, population 15+ years, both sexes (%)",2014.0,94.1399
183,South Africa,2016,13641.2959,65.29499817,8.042791367,54.26501846,37.69218826,77.74587537,21.43031517,0.823809461,-,-,-,-,-,-,-,-,-,-,-,-,-,-,-,0,83.42234589,16.57765411,-,-,-,-,-,-,-,-,-,-,-,-,-,-,-,-,-,-,-,-,-,-,-,-,-,-,-,-,-,-,-,-,-,LR_AG15T99,"Adult literacy rate, population 15+ years, both sexes (%)",2015.0,94.36792
184,South Sudan,2016,4759.957031,19.0300045,23.05384254,41.24690628,35.69924927,0,37.38944441,62.61055559,-,-,-,-,-,-,0,35.025,64.975,0,35.775,64.225,0,56.575,43.425,0,55.34719039,44.65280961,-,-,-,-,-,-,0,66.35,33.65,0,50.65,49.35,0,70.375,29.625,-,-,-,-,-,-,-,-,-,-,-,-,-,-,-,-,-,-,,,,
185,Spain,2016,6948.490234,79.80200195,20.60125351,41.95026398,37.44848251,100,0,0,-,-,-,-,-,-,-,-,-,100,0,0,100,0,0,100,0,0,-,-,-,-,-,-,-,-,-,100,0,0,100,0,0,100,0,0,-,-,-,-,-,-,-,-,-,100,0,0,100,0,0,LR_AG15T99,"Adult literacy rate, population 15+ years, both sexes (%)",2013.0,98.07913
186,Spain,2016,6948.490234,79.80200195,20.60125351,41.95026398,37.44848251,100,0,0,-,-,-,-,-,-,-,-,-,100,0,0,100,0,0,100,0,0,-,-,-,-,-,-,-,-,-,100,0,0,100,0,0,100,0,0,-,-,-,-,-,-,-,-,-,100,0,0,100,0,0,LR_AG15T99,"Adult literacy rate, population 15+ years, both sexes (%)",2014.0,98.09371999999999
187,Spain,2016,6948.490234,79.80200195,20.60125351,41.95026398,37.44848251,100,0,0,-,-,-,-,-,-,-,-,-,100,0,0,100,0,0,100,0,0,-,-,-,-,-,-,-,-,-,100,0,0,100,0,0,100,0,0,-,-,-,-,-,-,-,-,-,100,0,0,100,0,0,LR_AG15T99,"Adult literacy rate, population 15+ years, both sexes (%)",2015.0,98.14326
188,Spain,2016,6948.490234,79.80200195,20.60125351,41.95026398,37.44848251,100,0,0,-,-,-,-,-,-,-,-,-,100,0,0,100,0,0,100,0,0,-,-,-,-,-,-,-,-,-,100,0,0,100,0,0,100,0,0,-,-,-,-,-,-,-,-,-,100,0,0,100,0,0,LR_AG15T99,"Adult literacy rate, population 15+ years, both sexes (%)",2016.0,98.25050999999999
189,Sri Lanka,2016,4754.221191,18.40699005,7.067467213,36.54754257,56.38499069,0,79.56111002,20.43888998,-,-,-,-,-,-,-,-,-,-,-,-,-,-,-,99.91,0,0,-,-,-,-,-,-,-,-,-,99.77,-,-,100,0,0,-,-,-,-,-,-,-,-,-,-,-,-,-,-,-,-,-,-,LR_AG15T99,"Adult literacy rate, population 15+ years, both sexes (%)",2016.0,92.3869
190,Sudan,2016,13098.9873,34.00700378,17.29585648,47.87011337,34.83403778,0,85.17183683,14.82816317,-,-,-,-,-,-,-,-,-,0,79.2,20.8,0,93.459,6.541,0,62,38,-,-,-,-,-,-,-,-,-,0,60.1,39.9,0,70.05,29.95,0,25,75,-,-,-,-,-,-,-,-,-,-,-,-,-,-,-,,,,
191,Switzerland,2016,1237.999023,73.98995972,13.29257965,38.55455399,48.15286636,100,0,0,-,-,-,-,-,-,-,-,-,100,0,0,100,0,0,100,0,0,-,-,-,-,-,-,-,-,-,100,0,0,100,0,0,100,0,0,-,-,-,-,-,-,-,-,-,100,0,0,100,0,0,,,,
192,Tajikistan,2016,2806.645996,26.89099312,31.04003906,26.74744225,42.2125206,78.69127517,7.558724832,13.75,93.125,3.75,3.125,73.48837209,8.641627907,17.87,-,-,-,-,-,-,-,-,-,44.22,0,55.78,57.5,2.5,40,37.92,0,62.08,-,-,-,-,-,-,-,-,-,25.5033557,13.08724832,61.40939597,41.25,15,43.75,20,12.09302326,67.90697674,-,-,-,-,-,-,-,-,-,LR_AG15T99,"Adult literacy rate, population 15+ years, both sexes (%)",2014.0,99.8
193,Togo,2016,3024.809082,40.46301651,22.26771927,39.97396088,37.75831985,0,43.0233973,56.9766027,-,-,-,-,-,-,-,-,-,0,35.245,64.755,0,51.41,48.59,22.7,34.2,43.1,24.59016393,50.81967213,24.59016393,21.3740458,26.35322693,52.27272727,-,-,-,-,-,-,-,-,-,-,-,-,-,-,-,-,-,-,-,-,-,-,-,-,-,-,-,LR_AG15T99,"Adult literacy rate, population 15+ years, both sexes (%)",2015.0,63.745619999999995
194,Tunisia,2016,2685.88208,67.04698944,21.04470634,36.97947311,41.97581863,69.5,18.82790057,11.67209943,-,-,-,-,-,-,-,-,-,69.5,18.0177089,12.4822911,0,100,0,99.482534,0,0.517465996,-,-,-,-,-,-,-,-,-,99.38,0,0.62,0,100,0,0,88.1,11.9,-,-,-,-,-,-,-,-,-,0,88.1,11.9,-,-,-,LR_AG15T99,"Adult literacy rate, population 15+ years, both sexes (%)",2014.0,79.03643000000001
195,Uganda,2016,18937.58008,16.44400215,22.92563248,45.82176208,31.25260925,69.18888971,24.83961201,5.971498279,89.77766071,10.13633929,0,60.95046194,30.15325234,8.896285714,-,-,-,-,-,-,-,-,-,79.08444444,20.91555556,0,79.65817558,20.34182442,0,78.56432888,21.22380658,0,-,-,-,-,-,-,-,-,-,36.58353846,24.82646154,38.59,51.65729915,19.20170085,29.141,29.74532794,25.95467206,44.3,-,-,-,-,-,-,-,-,-,,,,
196,Ukraine,2016,4929.172852,69.91499329,22.266819,30.9028511,46.83034897,-,-,-,-,-,-,-,-,-,-,-,-,-,-,-,-,-,-,-,-,-,-,-,-,-,-,-,-,-,-,-,-,-,-,-,-,83.29,-,-,-,-,-,-,-,-,-,-,-,69.33,-,-,93.28,-,-,,,,
197,United Republic of Tanzania,2016,21243.54297,32.31600571,16.38965797,49.88698196,33.72335815,0,71.25288318,28.74711682,0,74.4,25.6,0,60.7,39.3,-,-,-,0,72.4,27.6,-,-,-,47.10342835,27.84657165,25.05,67.64018,18.45982,13.9,42.70765954,30.34234046,26.95,-,-,-,47.10342835,27.84657165,25.05,0,100,0,22.5,-,-,51.80722892,-,-,14.82649842,-,-,-,-,-,22.5,-,-,-,-,-,LR_AG15T99,"Adult literacy rate, population 15+ years, both sexes (%)",2015.0,77.88723
198,United States of America,2016,62416.26172,81.78800201,19.81773758,40.10910797,40.07315445,100,0,0,-,-,-,-,-,-,-,-,-,100,0,0,100,0,0,100,0,0,-,-,-,-,-,-,-,-,-,100,0,0,100,0,0,100,0,0,-,-,-,-,-,-,-,-,-,100,0,0,100,0,0,,,,
199,Uruguay,2016,740.3099976,95.46000671,19.55410576,39.67324448,40.77264786,0,93.69913941,6.300860585,0,99.09162562,0.908374384,0,81.42857143,18.57142857,-,-,-,0,93.69913941,6.300860585,-,-,-,83.13253012,-,-,83.62068966,-,-,82,-,-,-,-,-,83.13253012,-,-,-,-,-,-,-,-,-,-,-,-,-,-,-,-,-,-,-,-,-,-,-,LR_AG15T99,"Adult literacy rate, population 15+ years, both sexes (%)",2013.0,98.36386999999999
200,Uruguay,2016,740.3099976,95.46000671,19.55410576,39.67324448,40.77264786,0,93.69913941,6.300860585,0,99.09162562,0.908374384,0,81.42857143,18.57142857,-,-,-,0,93.69913941,6.300860585,-,-,-,83.13253012,-,-,83.62068966,-,-,82,-,-,-,-,-,83.13253012,-,-,-,-,-,-,-,-,-,-,-,-,-,-,-,-,-,-,-,-,-,-,-,LR_AG15T99,"Adult literacy rate, population 15+ years, both sexes (%)",2014.0,98.43593
201,Uruguay,2016,740.3099976,95.46000671,19.55410576,39.67324448,40.77264786,0,93.69913941,6.300860585,0,99.09162562,0.908374384,0,81.42857143,18.57142857,-,-,-,0,93.69913941,6.300860585,-,-,-,83.13253012,-,-,83.62068966,-,-,82,-,-,-,-,-,83.13253012,-,-,-,-,-,-,-,-,-,-,-,-,-,-,-,-,-,-,-,-,-,-,-,LR_AG15T99,"Adult literacy rate, population 15+ years, both sexes (%)",2015.0,98.52387
202,Uruguay,2016,740.3099976,95.46000671,19.55410576,39.67324448,40.77264786,0,93.69913941,6.300860585,0,99.09162562,0.908374384,0,81.42857143,18.57142857,-,-,-,0,93.69913941,6.300860585,-,-,-,83.13253012,-,-,83.62068966,-,-,82,-,-,-,-,-,83.13253012,-,-,-,-,-,-,-,-,-,-,-,-,-,-,-,-,-,-,-,-,-,-,-,LR_AG15T99,"Adult literacy rate, population 15+ years, both sexes (%)",2016.0,98.56147
203,Uzbekistan,2016,8984.34082,36.47900391,27.97186852,24.91959,47.10853958,89.51544656,-,-,-,-,-,-,-,-,-,-,-,90.44566,-,-,89.02338,-,-,91.55438254,-,-,-,-,-,-,-,-,-,-,-,92.50578,-,-,91.05111,-,-,89.46342941,-,-,-,-,-,-,-,-,-,-,-,90.3931,-,-,88.97165,-,-,LR_AG15T99,"Adult literacy rate, population 15+ years, both sexes (%)",2013.0,99.99486
204,Uzbekistan,2016,8984.34082,36.47900391,27.97186852,24.91959,47.10853958,89.51544656,-,-,-,-,-,-,-,-,-,-,-,90.44566,-,-,89.02338,-,-,91.55438254,-,-,-,-,-,-,-,-,-,-,-,92.50578,-,-,91.05111,-,-,89.46342941,-,-,-,-,-,-,-,-,-,-,-,90.3931,-,-,88.97165,-,-,LR_AG15T99,"Adult literacy rate, population 15+ years, both sexes (%)",2014.0,99.98055
205,Uzbekistan,2016,8984.34082,36.47900391,27.97186852,24.91959,47.10853958,89.51544656,-,-,-,-,-,-,-,-,-,-,-,90.44566,-,-,89.02338,-,-,91.55438254,-,-,-,-,-,-,-,-,-,-,-,92.50578,-,-,91.05111,-,-,89.46342941,-,-,-,-,-,-,-,-,-,-,-,90.3931,-,-,88.97165,-,-,LR_AG15T99,"Adult literacy rate, population 15+ years, both sexes (%)",2015.0,99.98383000000001
206,Uzbekistan,2016,8984.34082,36.47900391,27.97186852,24.91959,47.10853958,89.51544656,-,-,-,-,-,-,-,-,-,-,-,90.44566,-,-,89.02338,-,-,91.55438254,-,-,-,-,-,-,-,-,-,-,-,92.50578,-,-,91.05111,-,-,89.46342941,-,-,-,-,-,-,-,-,-,-,-,90.3931,-,-,88.97165,-,-,LR_AG15T99,"Adult literacy rate, population 15+ years, both sexes (%)",2016.0,99.98657
207,Venezuela (Bolivarian Republic of),2016,8120.288086,89.04299927,21.93379021,43.16289139,34.90332031,97.49,-,-,-,-,-,-,-,-,-,-,-,97.49,-,-,-,-,-,90.41,-,-,-,-,-,-,-,-,-,-,-,90.41,-,-,-,-,-,-,-,-,-,-,-,-,-,-,-,-,-,-,-,-,-,-,-,LR_AG15T99,"Adult literacy rate, population 15+ years, both sexes (%)",2015.0,96.60521999999999
208,Venezuela (Bolivarian Republic of),2016,8120.288086,89.04299927,21.93379021,43.16289139,34.90332031,97.49,-,-,-,-,-,-,-,-,-,-,-,97.49,-,-,-,-,-,90.41,-,-,-,-,-,-,-,-,-,-,-,90.41,-,-,-,-,-,-,-,-,-,-,-,-,-,-,-,-,-,-,-,-,-,-,-,LR_AG15T99,"Adult literacy rate, population 15+ years, both sexes (%)",2016.0,97.12709
209,West Bank and Gaza Strip,2016,1627.468994,75.48101044,16.21290398,30.05906677,53.72802734,80.43209096,18.23574753,1.332161506,80.02897917,17.12727083,2.84375,82.66636723,15.92113277,1.4125,0,97.6,2.4,80.60836502,17.07913498,2.3125,85.90604027,11.3856264,2.708333333,80.85315534,18.54554466,0,78.53928571,21.46071429,0,83.26977612,16.73022388,0,0,99.9,0.1,77.56653992,22.27297849,0,86.24161074,12.41526926,1.34312,23.24769417,70.28980583,6.4625,13.93596059,77.95258621,8.111453202,27.43221393,69.28644279,3.281343284,-,-,-,22.05323194,70.34676806,7.6,28.8590604,58.4509396,12.69,,,,
210,Yemen,2016,10290.42285,35.18700027,22.49840546,41.0004921,36.50110245,35.57295029,25.65204971,38.775,-,-,-,-,-,-,-,-,-,-,-,-,45.98,-,-,25.02275449,55.69580838,19.28143713,0,96.72489083,3.27510917,0,74.17491749,25.82508251,-,-,-,-,-,-,-,-,-,8,8,84,0,72.92576419,27.07423581,0,38.28382838,61.71617162,-,-,-,-,-,-,-,-,-,,,,
211,Zambia,2016,7265.85791,41.37900925,28.90901566,44.35268402,26.73830032,79,-,-,-,-,-,-,-,-,-,-,-,76,-,-,94,-,-,66.4,-,-,-,-,-,-,-,-,-,-,-,-,-,-,-,-,-,53.562,-,-,-,-,-,-,-,-,-,-,-,51.55389323,-,-,62.96122209,-,-,,,,
212,Zimbabwe,2016,6010.006836,32.27700043,16.00096321,48.90813065,35.09090805,64.09,27.81,8.1,85.68,13.09,1.23,60.36,30.36,9.28,-,-,-,63.69,27.36,8.95,64.97,28.8,6.23,0,95.65,4.35,0,93.76,6.24,0,95.97,4.03,0,75.83,24.17,0,96.26,3.74,0,94.31,5.69,0,62.65,37.35,0,87.61,12.39,0,58.34,41.66,0,65.25,34.75,0,63.01,36.99,0,59.14,40.86,LR_AG15T99,"Adult literacy rate, population 15+ years, both sexes (%)",2014.0,88.69341999999999
